,price_close,price_open,price_high,price_low,time_close,time_open,trades_count,volume_traded,key
0,4583.85,4590.0,4641.43,4495.05,2017-08-30T23:59:10.1240000Z,2017-08-30T00:00:00.8210000Z,14313,8832.814987075,2017-08-30
1,4736.28,4583.0,4762.76,4579.91,2017-08-31T23:59:57.7490000Z,2017-08-31T00:00:12.3180000Z,11407,7268.196353119,2017-08-31
2,4924.0,4736.28,4924.0,4709.28,2017-09-01T23:59:37.9730000Z,2017-09-01T00:00:11.4080000Z,11470,8188.879243906,2017-09-01
3,4642.85,4924.0,4985.0,4505.0,2017-09-02T23:59:51.6230000Z,2017-09-02T00:00:17.9900000Z,20976,13402.051240749,2017-09-02
4,4607.47,4643.63,4740.41,4460.05,2017-09-03T23:57:28.9910000Z,2017-09-03T00:00:00.0920000Z,12831,9479.341778239,2017-09-03
5,4278.86,4609.95,4614.36,4100.0,2017-09-04T23:59:41.3290000Z,2017-09-04T00:00:09.6480000Z,19466,13598.71636883,2017-09-04
6,4393.0,4278.86,4494.6,4012.02,2017-09-05T23:59:59.5160000Z,2017-09-05T00:00:02.2920000Z,20973,13723.843734292,2017-09-05
7,4609.17,4393.0,4645.0,4380.78,2017-09-06T23:59:36.3190000Z,2017-09-06T00:00:00.0920000Z,15903,9784.306909642,2017-09-06
8,4623.19,4609.18,4665.23,4484.68,2017-09-07T23:59:58.1900000Z,2017-09-07T00:00:02.7120000Z,11474,5869.662031278,2017-09-07
9,4346.24,4623.19,4669.98,4090.3,2017-09-08T23:59:57.9150000Z,2017-09-08T00:00:02.9210000Z,20853,12988.928955251,2017-09-08
10,4325.17,4346.15,4405.0,4182.16,2017-09-09T23:59:49.3540000Z,2017-09-09T00:00:00.4780000Z,14144,5876.095888854,2017-09-09
11,4243.48,4325.17,4329.97,4083.55,2017-09-10T23:59:47.6110000Z,2017-09-10T00:00:02.4130000Z,13369,7037.02162099,2017-09-10
12,4209.69,4243.48,4370.28,4110.48,2017-09-11T23:59:47.4720000Z,2017-09-11T00:00:02.1410000Z,12765,9567.659962345,2017-09-11
13,4155.55,4213.25,4372.05,4070.01,2017-09-12T23:59:57.7750000Z,2017-09-12T00:00:02.3500000Z,13132,7471.425999302,2017-09-12
14,3855.01,4155.56,4173.78,3743.75,2017-09-13T23:59:59.2410000Z,2017-09-13T00:00:02.2950000Z,21999,16066.943485826,2017-09-13
15,3242.63,3855.01,3920.2,3219.89,2017-09-14T23:59:46.1370000Z,2017-09-14T00:00:02.6030000Z,30919,24132.819879648,2017-09-14
16,3709.85,3241.32,3839.19,2955.01,2017-09-15T23:39:13.3220000Z,2017-09-15T00:00:02.6120000Z,40267,35245.519911456,2017-09-15
17,3715.38,3709.86,3854.7,3580.01,2017-09-16T23:59:48.8130000Z,2017-09-16T07:14:15.8550000Z,7930,5582.543852452,2017-09-16
18,3716.46,3715.18,3825.54,3505.94,2017-09-17T23:59:52.1920000Z,2017-09-17T00:00:02.3750000Z,6933,3844.543701983,2017-09-17
19,4098.03,3716.46,4115.93,3716.45,2017-09-18T23:59:53.2890000Z,2017-09-18T00:00:02.0740000Z,17956,9079.128779766,2017-09-18
20,3903.4,4098.94,4117.03,3850.0,2017-09-19T23:59:58.3060000Z,2017-09-19T00:00:02.7670000Z,16365,8446.704539187,2017-09-19
21,3866.0,3903.4,4034.99,3828.93,2017-09-20T23:59:56.0490000Z,2017-09-20T00:00:02.6360000Z,11205,5998.980004571,2017-09-20
22,3616.74,3866.0,3899.86,3573.0,2017-09-21T23:57:51.2090000Z,2017-09-21T00:00:00.5380000Z,17530,9532.488950241,2017-09-21
23,3620.96,3616.74,3758.12,3510.84,2017-09-22T23:49:49.7790000Z,2017-09-22T00:00:02.6020000Z,10070,5383.18046527,2017-09-22
24,3783.6,3620.95,3812.86,3562.8,2017-09-23T23:59:38.8950000Z,2017-09-23T01:13:33.3240000Z,7458,3001.784250595,2017-09-23
25,3667.99,3783.61,3783.61,3619.76,2017-09-24T23:57:25.9760000Z,2017-09-24T00:00:02.1880000Z,5205,1946.687962137,2017-09-24
26,3916.48,3668.0,3956.86,3665.98,2017-09-25T23:59:48.3850000Z,2017-09-25T00:00:02.1300000Z,8882,6097.128278369,2017-09-25
27,3885.14,3916.48,3958.06,3852.61,2017-09-26T23:59:49.1390000Z,2017-09-26T00:00:03.0250000Z,6346,4510.603090483,2017-09-26
28,4204.51,3885.15,4225.0,3876.01,2017-09-27T23:59:11.0650000Z,2017-09-27T00:00:02.1810000Z,11081,8435.340922224,2017-09-27
29,4188.0,4204.51,4281.6,3336.67,2017-09-28T23:59:24.8320000Z,2017-09-28T00:00:02.8560000Z,10089,7348.109135782,2017-09-28
30,4182.89,4187.88,4209.85,4020.0,2017-09-29T23:19:20.3850000Z,2017-09-29T00:00:03.2390000Z,9098,5869.265915702,2017-09-29
31,4327.63,4182.9,4339.99,4182.9,2017-09-30T23:58:19.5500000Z,2017-09-30T04:37:54.3560000Z,4786,2961.037416033,2017-09-30
32,4388.74,4330.0,4399.0,4250.0,2017-10-01T23:59:59.3580000Z,2017-10-01T00:00:02.2590000Z,5562,2628.249601076,2017-10-01
33,4385.7,4388.75,4457.01,4361.0,2017-10-02T23:59:37.3470000Z,2017-10-02T00:00:02.6350000Z,8110,5545.025115475,2017-10-02
34,4300.0,4385.7,4417.98,4104.51,2017-10-03T23:59:59.4730000Z,2017-10-03T00:00:02.8940000Z,7970,4823.125007409,2017-10-03
35,4214.25,4299.99,4339.98,4175.0,2017-10-04T23:59:51.7130000Z,2017-10-04T00:00:00.1540000Z,6926,4467.679413879,2017-10-04
36,4318.57,4214.24,4360.38,4145.0,2017-10-05T23:58:21.8060000Z,2017-10-05T00:00:00.0900000Z,6169,4016.564184397,2017-10-05
37,4362.42,4318.58,4410.26,4300.0,2017-10-06T23:34:38.4680000Z,2017-10-06T00:00:02.1220000Z,5502,5052.039312188,2017-10-06
38,4425.01,4362.41,4448.0,4320.01,2017-10-07T23:59:58.7370000Z,2017-10-07T01:16:38.2540000Z,3300,1635.289669293,2017-10-07
39,4602.5,4425.01,4609.0,4412.42,2017-10-08T23:59:00.8330000Z,2017-10-08T00:00:01.7370000Z,7135,3143.266564845,2017-10-08
40,4751.08,4602.51,4875.0,4550.0,2017-10-09T23:59:41.0280000Z,2017-10-09T00:00:00.1360000Z,12023,7325.485496319,2017-10-09
41,4756.22,4751.53,4919.01,4712.11,2017-10-10T23:59:47.4760000Z,2017-10-10T00:00:00.1550000Z,8215,3933.023734264,2017-10-10
42,4812.97,4756.22,4864.67,4720.0,2017-10-11T23:59:56.7230000Z,2017-10-11T00:00:08.6550000Z,8694,6888.058056869,2017-10-11
43,5437.68,4813.82,5437.69,4811.06,2017-10-12T23:59:39.7180000Z,2017-10-12T00:00:07.4010000Z,21464,10834.082975891,2017-10-12
44,5636.28,5437.68,5869.89,5390.93,2017-10-13T23:59:54.1740000Z,2017-10-13T00:00:00.0800000Z,24893,13190.909726255,2017-10-13
45,5799.99,5636.27,5800.0,5555.89,2017-10-14T23:59:59.3190000Z,2017-10-14T00:00:00.0830000Z,12574,3331.109351021,2017-10-14
46,5694.61,5799.99,5833.72,5450.0,2017-10-15T23:59:54.9260000Z,2017-10-15T00:00:00.0830000Z,15836,6379.663038516,2017-10-15
47,5746.88,5694.61,5778.35,5575.0,2017-10-16T23:59:42.0090000Z,2017-10-16T00:00:23.6630000Z,11593,4508.132506902,2017-10-16
48,5592.26,5750.99,5769.99,5513.45,2017-10-17T23:59:50.0330000Z,2017-10-17T00:00:19.4940000Z,14595,4969.35771809,2017-10-17
49,5569.33,5592.26,5604.05,5082.24,2017-10-18T23:59:59.3360000Z,2017-10-18T00:00:16.9810000Z,21491,9040.911366358,2017-10-18
50,5695.01,5569.33,5745.03,5512.9,2017-10-19T23:59:46.8770000Z,2017-10-19T00:00:28.0210000Z,14344,6288.270792892,2017-10-19
51,5984.03,5695.01,6050.0,5615.0,2017-10-20T23:59:44.4090000Z,2017-10-20T00:00:27.4770000Z,15419,10612.799350679,2017-10-20
52,6012.58,5984.03,6178.5,5900.01,2017-10-21T23:59:48.4570000Z,2017-10-21T00:00:14.4070000Z,15071,5674.140903941,2017-10-21
53,5974.97,6012.58,6069.67,5750.0,2017-10-22T23:59:49.1890000Z,2017-10-22T00:00:00.1380000Z,12971,4667.998552487,2017-10-22
54,5899.6,5974.96,6060.28,5625.31,2017-10-23T23:59:46.2000000Z,2017-10-23T00:00:00.0450000Z,19368,8697.722162337,2017-10-23
55,5517.21,5901.8,5903.0,5464.0,2017-10-24T23:59:35.7710000Z,2017-10-24T00:00:00.1070000Z,20646,8448.153824373,2017-10-24
56,5741.66,5517.2,5750.97,5375.0,2017-10-25T23:59:54.4100000Z,2017-10-25T00:00:52.4790000Z,21704,6808.081232319,2017-10-25
57,5889.42,5741.66,5974.97,5692.0,2017-10-26T23:59:59.0900000Z,2017-10-26T00:00:00.1170000Z,13937,4897.937927849,2017-10-26
58,5765.32,5889.42,5992.01,5703.08,2017-10-27T23:59:02.1290000Z,2017-10-27T00:00:31.5880000Z,11302,4932.447343725,2017-10-27
59,5730.01,5765.32,5884.97,5660.79,2017-10-28T23:59:24.5030000Z,2017-10-28T00:00:24.3070000Z,9256,2537.295718493,2017-10-28
60,6132.76,5730.0,6290.94,5699.33,2017-10-29T23:59:59.4170000Z,2017-10-29T00:00:01.0740000Z,11310,4861.262153694,2017-10-29
61,6124.69,6132.52,6204.6,6025.25,2017-10-30T23:59:52.5480000Z,2017-10-30T00:00:11.9370000Z,11480,4275.142212089,2017-10-30
62,6448.36,6124.69,6467.32,6097.8,2017-10-31T23:59:49.5370000Z,2017-10-31T00:00:07.4680000Z,17150,5757.688578944,2017-10-31
63,6741.02,6448.35,6750.0,6365.0,2017-11-01T23:59:44.7310000Z,2017-11-01T00:00:00.0770000Z,22726,7818.824321222,2017-11-01
64,7037.48,6741.02,7336.0,6730.0,2017-11-02T23:59:01.7790000Z,2017-11-02T00:00:00.0640000Z,34614,14048.912086977,2017-11-02
65,7177.27,7037.47,7448.78,6952.59,2017-11-03T23:59:59.8510000Z,2017-11-03T00:00:00.1190000Z,21058,7271.25282667,2017-11-03
66,7371.55,7177.28,7511.34,7099.01,2017-11-04T23:59:25.3440000Z,2017-11-04T00:00:00.1040000Z,8668,3122.556880365,2017-11-04
67,7394.44,7374.45,7589.79,7300.0,2017-11-05T23:59:55.1270000Z,2017-11-05T00:00:00.7930000Z,11424,4365.386220779,2017-11-05
68,6975.01,7379.18,7410.0,6947.63,2017-11-06T23:59:51.7800000Z,2017-11-06T00:00:00.1000000Z,16870,6514.92925926,2017-11-06
69,7109.7,6975.0,7234.68,6975.0,2017-11-07T23:59:58.8930000Z,2017-11-07T00:00:00.0970000Z,14398,4904.175146355,2017-11-07
70,7465.53,7109.7,7927.45,7050.11,2017-11-08T23:59:55.4620000Z,2017-11-08T00:00:00.0720000Z,29362,12216.979830515,2017-11-08
71,7151.49,7465.52,7478.57,7101.02,2017-11-09T23:59:52.7690000Z,2017-11-09T00:00:00.0870000Z,18544,7550.687586685,2017-11-09
72,6584.34,7151.48,7335.05,6420.0,2017-11-10T23:59:46.6060000Z,2017-11-10T00:00:00.1040000Z,29069,13970.779407322,2017-11-10
73,6340.0,6585.1,6850.0,6184.63,2017-11-11T23:59:50.6220000Z,2017-11-11T00:00:00.0930000Z,23820,9270.075789244,2017-11-11
74,5849.37,6339.86,6500.0,5450.0,2017-11-12T23:59:54.5370000Z,2017-11-12T00:00:00.1200000Z,34770,19489.757328328,2017-11-12
75,6549.31,5849.36,6804.87,5800.0,2017-11-13T23:59:59.7830000Z,2017-11-13T00:00:00.0760000Z,32159,13660.643513777,2017-11-13
76,6606.75,6550.73,6761.59,6479.93,2017-11-14T23:59:38.4960000Z,2017-11-14T00:00:00.0860000Z,16748,6926.151595765,2017-11-14
77,7292.65,6607.99,7367.94,6607.99,2017-11-15T23:59:59.7110000Z,2017-11-15T00:00:00.1020000Z,25605,8905.575991424,2017-11-15
78,7852.44,7283.16,7990.0,7131.5,2017-11-16T23:59:34.5600000Z,2017-11-16T00:00:00.0680000Z,25516,7495.420665081,2017-11-16
79,7677.17,7843.48,7993.0,7550.0,2017-11-17T23:59:52.4600000Z,2017-11-17T00:00:00.1090000Z,22183,6081.054109521,2017-11-17
80,7776.54,7677.1,7862.62,7450.0,2017-11-18T23:59:59.4830000Z,2017-11-18T00:00:00.1030000Z,14937,3967.525290982,2017-11-18
81,8046.98,7770.28,8099.0,7668.06,2017-11-19T23:59:51.7960000Z,2017-11-19T00:00:00.1300000Z,14673,3267.670275432,2017-11-19
82,8246.01,8046.97,8314.95,7920.0,2017-11-20T23:59:59.7030000Z,2017-11-20T00:00:17.9410000Z,19157,5975.662659055,2017-11-20
83,8120.36,8246.0,8360.01,7790.0,2017-11-21T23:59:55.6370000Z,2017-11-21T00:00:04.0630000Z,25032,7061.395217159,2017-11-21
84,8240.82,8120.35,8304.98,8100.0,2017-11-22T23:59:55.1470000Z,2017-11-22T00:00:00.0630000Z,13946,3224.393828392,2017-11-22
85,8010.55,8240.82,8279.45,8009.88,2017-11-23T23:59:58.1720000Z,2017-11-23T00:00:04.8370000Z,10008,3299.746830315,2017-11-23
86,8209.88,8009.88,8340.02,7900.0,2017-11-24T23:59:54.2720000Z,2017-11-24T00:00:00.1010000Z,16412,4728.326235493,2017-11-24
87,8779.62,8209.87,8788.5,8152.01,2017-11-25T23:59:59.2650000Z,2017-11-25T00:00:00.0930000Z,18517,5071.786696277,2017-11-25
88,9306.21,8779.35,9475.0,8732.66,2017-11-26T23:59:59.7880000Z,2017-11-26T00:00:00.1150000Z,24130,8391.671014011,2017-11-26
89,9763.11,9306.0,9769.47,9300.0,2017-11-27T23:59:59.5940000Z,2017-11-27T00:00:02.0870000Z,26157,8075.93916683,2017-11-27
90,9940.18,9763.11,9987.0,9649.0,2017-11-28T23:59:45.2210000Z,2017-11-28T00:00:02.5380000Z,32592,7791.098372757,2017-11-28
91,9827.29,9941.7,11454.0,9500.0,2017-11-29T23:35:38.7810000Z,2017-11-29T00:00:00.0950000Z,34911,17098.415663802,2017-11-29
92,9934.4,9827.29,10900.0,8975.0,2017-11-30T23:59:57.0320000Z,2017-11-30T00:10:17.0990000Z,57461,22389.578708571,2017-11-30
93,10910.18,9930.4,10970.0,9360.01,2017-12-01T23:59:47.9980000Z,2017-12-01T00:00:00.1020000Z,37433,12412.52790624,2017-12-01
94,10888.01,10910.18,11200.0,10700.0,2017-12-02T23:59:52.3700000Z,2017-12-02T00:00:00.0990000Z,30403,6311.011247951,2017-12-02
95,11231.21,10888.0,11870.0,10500.17,2017-12-03T23:59:57.2830000Z,2017-12-03T00:00:00.1500000Z,28828,8989.989237256,2017-12-03
96,11668.84,11231.21,11681.0,10850.0,2017-12-04T23:59:54.9080000Z,2017-12-04T00:00:00.1340000Z,25791,7379.768300645,2017-12-04
97,11711.2,11668.84,11900.0,11489.92,2017-12-05T23:59:36.8230000Z,2017-12-05T00:00:03.3010000Z,26661,6987.15899101,2017-12-05
98,13735.16,11711.19,13924.98,11711.19,2017-12-06T23:59:59.7190000Z,2017-12-06T00:00:00.1520000Z,43622,16989.040992902,2017-12-06
99,17050.0,13735.16,17050.0,13400.01,2017-12-07T23:59:57.9710000Z,2017-12-07T00:00:00.0710000Z,75958,24408.610259137,2017-12-07
100,16250.01,17049.99,17712.65,14000.0,2017-12-08T23:59:59.8510000Z,2017-12-08T00:00:00.0650000Z,61875,21531.79756822,2017-12-08
101,15041.0,16250.0,16500.98,14899.99,2017-12-09T23:59:51.0760000Z,2017-12-09T00:00:00.1670000Z,22562,7855.513724809,2017-12-09
102,15268.98,15041.01,16120.0,13141.5,2017-12-10T23:59:59.4000000Z,2017-12-10T00:00:00.1720000Z,73232,14307.609491002,2017-12-10
103,16800.19,15268.99,17488.0,15253.51,2017-12-11T23:59:56.4740000Z,2017-12-11T00:00:00.1250000Z,48900,10729.623322416,2017-12-11
104,17365.17,16781.56,17613.0,16347.71,2017-12-12T23:59:51.0660000Z,2017-12-12T00:00:00.1240000Z,40053,8070.798098522,2017-12-12
105,16460.9,17344.87,17582.15,15955.39,2017-12-13T23:59:52.0330000Z,2017-12-13T00:00:00.1310000Z,37732,10209.638004296,2017-12-13
106,16678.79,16460.9,17150.0,16135.18,2017-12-14T23:59:54.4700000Z,2017-12-14T00:00:00.1560000Z,34886,7680.530330988,2017-12-14
107,17725.45,16678.78,17920.0,16655.12,2017-12-15T23:57:50.3800000Z,2017-12-15T00:00:00.1420000Z,35653,6751.692686008,2017-12-15
108,19499.99,17770.0,19739.0,17713.87,2017-12-16T23:59:57.5970000Z,2017-12-16T00:00:56.5030000Z,27233,4745.614985383,2017-12-16
109,19260.5,19499.98,19999.0,18870.0,2017-12-17T23:59:46.0330000Z,2017-12-17T00:00:00.1570000Z,41817,5227.236994213,2017-12-17
110,18981.88,19261.89,19315.01,18125.45,2017-12-18T23:59:59.5240000Z,2017-12-18T00:00:00.0680000Z,28486,7841.208548853,2017-12-18
111,17640.01,18981.88,19050.0,16750.0,2017-12-19T23:59:54.6730000Z,2017-12-19T00:00:00.0890000Z,41583,11100.651371318,2017-12-19
112,16535.48,17640.01,17881.37,15600.0,2017-12-20T23:58:22.2070000Z,2017-12-20T00:00:00.1440000Z,61412,16222.630343947,2017-12-20
113,15800.0,16575.0,17375.2,15044.7,2017-12-21T23:59:59.7800000Z,2017-12-21T00:00:42.8630000Z,45391,11731.234343976,2017-12-21
114,14000.0,15800.01,15947.97,10611.0,2017-12-22T23:59:59.3230000Z,2017-12-22T00:00:00.1380000Z,98870,35844.703844515,2017-12-22
115,15002.72,14000.0,15894.0,13701.0,2017-12-23T23:59:56.2720000Z,2017-12-23T00:00:03.6440000Z,33772,7143.660919393,2017-12-23
116,14100.01,14965.11,15500.0,12600.0,2017-12-24T23:59:46.9890000Z,2017-12-24T00:00:12.0810000Z,38007,7971.812220486,2017-12-24
117,13986.68,14124.85,14698.99,13317.0,2017-12-25T23:59:41.2210000Z,2017-12-25T00:00:00.1070000Z,30223,5160.571761092,2017-12-25
118,15830.86,13989.99,16150.0,13921.0,2017-12-26T23:59:52.1810000Z,2017-12-26T00:00:00.0830000Z,29967,6596.611515162,2017-12-26
119,15418.95,15810.0,16500.0,14521.0,2017-12-27T23:59:56.5880000Z,2017-12-27T00:00:00.1410000Z,33634,9113.712957186,2017-12-27
120,14488.61,15418.95,15499.99,13514.81,2017-12-28T23:59:58.9610000Z,2017-12-28T00:00:00.1090000Z,53745,10552.656082994,2017-12-28
121,14574.99,14488.62,15115.1,13949.5,2017-12-29T23:59:56.9510000Z,2017-12-29T00:00:01.4730000Z,27995,6234.880887533,2017-12-29
122,12675.68,14574.98,14607.77,12481.44,2017-12-30T23:59:58.6340000Z,2017-12-30T00:00:00.0800000Z,40795,8236.421989715,2017-12-30
123,13820.26,12667.61,14191.2,12511.0,2017-12-31T23:59:58.9100000Z,2017-12-31T00:00:00.0850000Z,27391,8160.329963568,2017-12-31
124,13338.41,13775.0,13824.23,12800.0,2018-01-01T23:59:38.3410000Z,2018-01-01T00:00:00.1070000Z,19137,4560.847475121,2018-01-01
125,14740.09,13338.4,15249.97,12851.0,2018-01-02T23:59:56.6220000Z,2018-01-02T00:00:00.1040000Z,31211,8631.777025458,2018-01-02
126,15144.0,14726.88,15400.0,14583.47,2018-01-03T23:59:59.9960000Z,2018-01-03T00:00:00.1030000Z,29396,8350.242188816,2018-01-03
127,15199.99,15149.05,15503.59,14000.0,2018-01-04T23:59:58.8240000Z,2018-01-04T00:00:00.7900000Z,36454,10927.674374704,2018-01-04
128,16945.5,15200.0,17124.44,14800.0,2018-01-05T23:59:58.1160000Z,2018-01-05T00:00:00.0750000Z,35763,11317.281579682,2018-01-05
129,17175.0,16945.51,17236.46,16298.31,2018-01-06T23:59:52.2610000Z,2018-01-06T00:00:00.0810000Z,18459,5268.264676991,2018-01-06
130,16150.15,17175.0,17175.01,15741.08,2018-01-07T23:59:58.1590000Z,2018-01-07T00:00:00.1390000Z,22512,5532.94164497,2018-01-07
131,14980.01,16150.15,16250.0,13825.22,2018-01-08T23:59:58.3800000Z,2018-01-08T00:00:00.1360000Z,37819,12108.193802481,2018-01-08
132,14477.55,14980.0,15419.24,14161.55,2018-01-09T23:59:52.6860000Z,2018-01-09T00:00:00.1220000Z,26790,7366.980622029,2018-01-09
133,14929.39,14476.7,14933.42,13500.0,2018-01-10T23:59:58.1820000Z,2018-01-10T00:00:00.1000000Z,28681,8711.903902913,2018-01-10
134,13301.77,14926.53,14970.0,12810.0,2018-01-11T23:59:34.2870000Z,2018-01-11T00:00:00.1440000Z,41387,9465.604119742,2018-01-11
135,13815.26,13260.04,14106.0,12900.0,2018-01-12T23:59:55.2720000Z,2018-01-12T00:00:00.1430000Z,34043,8075.205038278,2018-01-12
136,14174.38,13815.26,14550.0,13803.8,2018-01-13T23:59:59.1200000Z,2018-01-13T00:00:00.1850000Z,22028,4360.296126063,2018-01-13
137,13626.27,14174.01,14310.0,13100.0,2018-01-14T23:59:59.8920000Z,2018-01-14T00:00:00.4830000Z,22212,3666.820054279,2018-01-14
138,13597.6,13626.27,14283.26,13400.0,2018-01-15T23:59:49.2300000Z,2018-01-15T00:00:00.1030000Z,11962,4538.620051538,2018-01-15
139,11399.01,13580.55,13601.25,10001.0,2018-01-16T23:59:58.9970000Z,2018-01-16T00:00:25.0150000Z,52206,19576.324600424,2018-01-16
140,11240.19,11399.0,11850.0,9125.0,2018-01-17T23:59:56.8630000Z,2018-01-17T00:00:00.0770000Z,51139,23856.246439991,2018-01-17
141,11298.0,11248.0,12110.0,10677.33,2018-01-18T23:59:47.7790000Z,2018-01-18T00:00:00.0690000Z,31588,16478.692736559,2018-01-18
142,11535.56,11286.21,12018.39,11048.66,2018-01-19T23:59:51.3560000Z,2018-01-19T00:00:00.3260000Z,20408,9477.272930428,2018-01-19
143,12744.98,11535.55,12999.0,11528.68,2018-01-20T23:59:55.7450000Z,2018-01-20T00:00:00.0870000Z,22688,6738.098070837,2018-01-20
144,11501.0,12771.91,12774.17,11112.0,2018-01-21T23:59:59.9140000Z,2018-01-21T00:00:00.1060000Z,29727,5732.117153992,2018-01-21
145,10780.0,11500.99,11865.0,10026.03,2018-01-22T23:59:59.4180000Z,2018-01-22T00:00:00.1020000Z,38517,11035.533528326,2018-01-22
146,10820.81,10780.0,11372.51,9940.0,2018-01-23T23:59:56.6670000Z,2018-01-23T00:00:13.0580000Z,37559,10525.914256208,2018-01-23
147,11346.58,10820.81,11480.01,10500.0,2018-01-24T23:59:59.1010000Z,2018-01-24T00:00:10.2640000Z,28280,8343.750426375,2018-01-24
148,11114.0,11346.58,11693.7,10805.56,2018-01-25T23:59:14.2020000Z,2018-01-25T00:00:02.0210000Z,25932,6656.969171613,2018-01-25
149,11091.99,11117.0,11600.0,10300.0,2018-01-26T23:59:41.1570000Z,2018-01-26T00:00:00.1380000Z,29142,8863.302270719,2018-01-26
150,11372.85,11062.07,11535.0,10821.76,2018-01-27T23:59:59.3660000Z,2018-01-27T00:00:09.4720000Z,19113,4669.756362235,2018-01-27
151,11633.11,11373.92,11878.1,11312.2,2018-01-28T23:59:42.6960000Z,2018-01-28T00:00:00.0660000Z,18962,4164.553504928,2018-01-28
152,11135.34,11620.0,11698.0,10900.0,2018-01-29T23:59:59.5180000Z,2018-01-29T00:00:27.7910000Z,22171,5648.883410168,2018-01-29
153,10007.42,11130.11,11168.7,9734.63,2018-01-30T23:59:51.0760000Z,2018-01-30T00:00:05.3160000Z,39546,10998.041402843,2018-01-30
154,10112.6,10007.42,10299.99,9555.0,2018-01-31T23:59:57.3150000Z,2018-01-31T00:00:06.1800000Z,33438,9087.247442399,2018-01-31
155,9000.73,10116.6,10164.68,8411.11,2018-02-01T23:59:59.8080000Z,2018-02-01T00:00:00.1060000Z,44879,14506.117480225,2018-02-01
156,8845.07,9000.73,9080.0,7610.0,2018-02-02T23:59:35.2330000Z,2018-02-02T00:00:01.3570000Z,25031,9541.331948374,2018-02-02
157,9221.14,8805.76,9494.86,8123.62,2018-02-03T23:59:56.5480000Z,2018-02-03T00:00:00.1070000Z,28850,7433.533116254,2018-02-03
158,8162.94,9221.11,9353.45,7847.39,2018-02-04T23:59:50.2050000Z,2018-02-04T00:00:02.6320000Z,26591,7889.869190463,2018-02-04
159,6892.67,8152.9,8334.0,6500.0,2018-02-05T23:59:43.2140000Z,2018-02-05T00:00:00.0810000Z,34886,21476.863903235,2018-02-05
160,7682.75,6886.58,7944.0,5931.34,2018-02-06T23:59:56.6600000Z,2018-02-06T00:00:00.0990000Z,39127,29717.862892813,2018-02-06
161,7582.76,7700.39,8589.0,7200.0,2018-02-07T23:59:56.2960000Z,2018-02-07T00:00:33.7280000Z,26578,15628.889211615,2018-02-07
162,8200.0,7586.93,8638.99,7556.0,2018-02-08T23:59:56.2560000Z,2018-02-08T00:00:19.9230000Z,17518,12036.640706748,2018-02-08
163,8697.78,8200.0,8728.53,7750.0,2018-02-09T23:59:57.5960000Z,2018-02-09T00:00:00.1300000Z,17717,9435.602185052,2018-02-09
164,8553.5,8697.78,9069.0,8146.78,2018-02-10T23:59:59.4090000Z,2018-02-10T00:00:02.7490000Z,15711,6006.533982281,2018-02-10
165,8073.9,8553.5,8576.42,7824.48,2018-02-11T23:59:51.1450000Z,2018-02-11T00:00:00.3280000Z,12708,5321.257118097,2018-02-11
166,8900.0,8077.0,8985.0,8070.68,2018-02-12T23:59:55.0220000Z,2018-02-12T00:00:22.4990000Z,14601,5442.154179852,2018-02-12
167,8519.07,8897.42,8940.0,8379.0,2018-02-13T23:59:48.8550000Z,2018-02-13T00:00:00.0850000Z,26189,4952.07297678,2018-02-13
168,9480.27,8519.07,9510.0,8519.07,2018-02-14T23:59:57.2130000Z,2018-02-14T00:00:18.2950000Z,28279,8783.805714714,2018-02-14
169,10017.18,9480.28,10259.29,9353.0,2018-02-15T23:59:51.5460000Z,2018-02-15T00:00:26.7450000Z,22560,9001.723934802,2018-02-15
170,10183.63,10020.27,10307.6,9710.0,2018-02-16T23:59:58.4530000Z,2018-02-16T00:00:00.0960000Z,13328,5418.377892925,2018-02-16
171,11100.0,10182.93,11140.45,10039.73,2018-02-17T23:59:47.3430000Z,2018-02-17T00:00:19.2010000Z,10011,4324.244110234,2018-02-17
172,10402.99,11118.58,11270.0,10150.0,2018-02-18T23:59:47.6150000Z,2018-02-18T00:00:02.7570000Z,15414,6907.708471797,2018-02-18
173,11166.92,10410.67,11250.0,10315.0,2018-02-19T23:59:25.2690000Z,2018-02-19T00:00:04.5560000Z,9233,3757.05361113,2018-02-19
174,11206.22,11159.63,11750.0,11084.99,2018-02-20T23:59:47.2080000Z,2018-02-20T00:01:08.9900000Z,14706,6599.179663988,2018-02-20
175,10475.0,11225.0,11282.53,10248.0,2018-02-21T23:59:42.2340000Z,2018-02-21T00:00:01.4770000Z,20731,11347.419828696,2018-02-21
176,9829.96,10474.68,10939.9,9740.0,2018-02-22T23:59:52.6480000Z,2018-02-22T00:00:04.9530000Z,29172,10607.022283522,2018-02-22
177,10161.62,9828.92,10400.0,9595.0,2018-02-23T23:59:48.3000000Z,2018-02-23T00:00:03.5310000Z,15338,6464.908833472,2018-02-23
178,9697.21,10153.21,10534.77,9388.97,2018-02-24T23:59:55.9400000Z,2018-02-24T00:00:09.0830000Z,22262,5269.121061929,2018-02-24
179,9595.0,9697.22,9870.0,9290.0,2018-02-25T23:59:56.6310000Z,2018-02-25T00:00:11.5540000Z,11874,3263.379335161,2018-02-25
180,10300.0,9592.44,10433.88,9399.0,2018-02-26T23:59:50.1830000Z,2018-02-26T00:00:45.6320000Z,22436,5511.920472436,2018-02-26
181,10562.46,10299.99,10850.0,10117.0,2018-02-27T23:59:58.7280000Z,2018-02-27T00:00:06.7780000Z,15504,5522.464809068,2018-02-27
182,10296.86,10560.49,11050.0,10260.85,2018-02-28T23:59:47.4870000Z,2018-02-28T00:00:01.2350000Z,23449,6014.810957209,2018-02-28
183,10900.95,10296.86,11100.0,10200.0,2018-03-01T23:59:30.2630000Z,2018-03-01T00:00:02.0320000Z,17567,5126.617406076,2018-03-01
184,11027.77,10900.74,11200.0,10779.44,2018-03-02T23:59:50.2640000Z,2018-03-02T00:00:26.8950000Z,21585,4001.997125575,2018-03-02
185,11433.72,11026.91,11484.98,11026.91,2018-03-03T23:59:56.8780000Z,2018-03-03T00:00:22.7500000Z,12428,1842.464048996,2018-03-03
186,11467.19,11444.27,11500.0,11060.01,2018-03-04T23:59:42.6440000Z,2018-03-04T00:00:12.3740000Z,11511,1867.493751267,2018-03-04
187,11400.01,11467.19,11650.01,11400.0,2018-03-05T23:59:59.0270000Z,2018-03-05T00:00:10.5840000Z,8942,2905.859055262,2018-03-05
188,10696.87,11400.0,11401.64,10563.93,2018-03-06T23:59:43.5050000Z,2018-03-06T00:00:00.2180000Z,25793,5056.942496951,2018-03-06
189,9884.26,10696.87,10898.99,9375.0,2018-03-07T23:59:42.3630000Z,2018-03-07T00:00:36.6330000Z,38900,10167.883770816,2018-03-07
190,9295.77,9889.95,10100.0,9050.0,2018-03-08T23:59:58.0950000Z,2018-03-08T00:00:15.1330000Z,29454,8652.788870584,2018-03-08
191,9257.0,9299.4,9409.21,8370.0,2018-03-09T23:59:55.7000000Z,2018-03-09T00:00:00.1720000Z,31228,11016.698454474,2018-03-09
192,8769.2,9257.01,9515.21,8731.0,2018-03-10T23:35:25.8490000Z,2018-03-10T00:00:00.0800000Z,26736,4578.518924787,2018-03-10
193,9530.94,8763.32,9772.42,8544.95,2018-03-11T23:59:46.0500000Z,2018-03-11T01:12:32.0580000Z,24711,4566.211455331,2018-03-11
194,9110.39,9533.71,9898.0,8760.0,2018-03-12T23:59:59.6140000Z,2018-03-12T00:00:16.2100000Z,35670,7413.199323908,2018-03-12
195,9146.52,9110.39,9500.0,8850.0,2018-03-13T23:59:59.6870000Z,2018-03-13T00:00:09.7880000Z,35518,6443.622878232,2018-03-13
196,8198.82,9147.66,9366.16,7932.65,2018-03-14T23:59:58.4190000Z,2018-03-14T00:00:16.7390000Z,43339,8988.752599463,2018-03-14
197,8265.03,8196.34,8416.92,7675.35,2018-03-15T23:59:27.0310000Z,2018-03-15T00:00:00.7660000Z,45768,10298.784784192,2018-03-15
198,8265.81,8260.06,8607.11,7900.01,2018-03-16T23:59:57.5110000Z,2018-03-16T00:00:13.0030000Z,23490,6597.587396526,2018-03-16
199,7870.99,8260.0,8350.0,7737.49,2018-03-17T23:59:48.9620000Z,2018-03-17T00:00:08.5020000Z,11741,4380.963570479,2018-03-17
200,8197.29,7862.57,8297.0,7319.0,2018-03-18T23:59:56.5310000Z,2018-03-18T00:00:18.4940000Z,19693,9507.784978737,2018-03-18
201,8599.01,8197.28,8744.68,8119.7,2018-03-19T23:59:52.4440000Z,2018-03-19T00:00:00.1620000Z,17337,8478.734790853,2018-03-19
202,8904.23,8599.0,9037.0,8327.35,2018-03-20T23:59:37.8350000Z,2018-03-20T00:00:02.7140000Z,14026,7429.433045614,2018-03-20
203,8902.53,8911.52,9180.0,8755.0,2018-03-21T23:59:56.2550000Z,2018-03-21T00:00:30.4760000Z,14147,6569.302275326,2018-03-21
204,8710.44,8900.0,9100.0,8494.62,2018-03-22T23:59:56.0910000Z,2018-03-22T00:00:04.6590000Z,17847,6394.844797946,2018-03-22
205,8925.0,8708.01,8925.01,8288.01,2018-03-23T23:59:45.5190000Z,2018-03-23T00:00:24.7960000Z,28776,6212.366461233,2018-03-23
206,8540.33,8925.0,9000.0,8500.0,2018-03-24T23:59:51.0260000Z,2018-03-24T00:00:09.2230000Z,10466,3002.395672281,2018-03-24
207,8457.04,8526.54,8687.3,8375.5,2018-03-25T23:59:37.7790000Z,2018-03-25T00:00:10.1270000Z,20942,3812.337545592,2018-03-25
208,8149.44,8457.01,8495.73,7827.95,2018-03-26T23:59:56.8730000Z,2018-03-26T00:00:05.4230000Z,31728,6832.182058526,2018-03-26
209,7794.42,8149.46,8221.79,7753.0,2018-03-27T23:59:43.1860000Z,2018-03-27T00:00:08.3530000Z,35360,6455.053157742,2018-03-27
210,7941.87,7797.88,8095.0,7749.53,2018-03-28T23:59:47.8020000Z,2018-03-28T00:00:09.9910000Z,21383,5096.561659211,2018-03-28
211,7086.6,7942.89,7965.0,6903.0,2018-03-29T23:59:36.9540000Z,2018-03-29T00:00:04.5430000Z,30268,12018.364051164,2018-03-29
212,6838.71,7078.31,7271.9,6600.0,2018-03-30T23:59:47.9440000Z,2018-03-30T00:00:26.6690000Z,23772,11204.488700145,2018-03-30
213,6921.27,6838.7,7242.47,6788.51,2018-03-31T23:59:56.7370000Z,2018-03-31T00:00:00.5810000Z,21265,4847.505488814,2018-03-31
214,6811.02,6925.09,7043.5,6442.49,2018-04-01T23:59:43.2970000Z,2018-04-01T00:00:29.3070000Z,14688,5877.159735031,2018-04-01
215,7049.99,6811.02,7113.01,6766.84,2018-04-02T23:59:53.8670000Z,2018-04-02T00:00:01.7480000Z,10957,5328.994161127,2018-04-02
216,7418.53,7050.0,7500.0,7016.87,2018-04-03T23:59:55.5160000Z,2018-04-03T00:00:30.4210000Z,17494,7164.595761464,2018-04-03
217,6794.31,7418.52,7421.08,6707.5,2018-04-04T23:59:50.7930000Z,2018-04-04T00:00:02.7700000Z,13411,6786.999735319,2018-04-04
218,6777.0,6794.31,6923.01,6574.3,2018-04-05T23:59:51.2830000Z,2018-04-05T00:00:06.6820000Z,18287,7326.246996718,2018-04-05
219,6592.94,6779.16,6848.0,6512.79,2018-04-06T23:12:49.1800000Z,2018-04-06T00:00:16.7230000Z,13857,5932.984037684,2018-04-06
220,6895.99,6602.49,7069.18,6602.49,2018-04-07T23:59:48.9030000Z,2018-04-07T04:08:17.0830000Z,6560,2337.585084387,2018-04-07
221,7022.72,6895.98,7100.0,6889.5,2018-04-08T23:59:54.2910000Z,2018-04-08T00:00:07.3430000Z,4640,2494.648746866,2018-04-08
222,6771.01,7035.17,7176.99,6612.35,2018-04-09T23:59:29.0850000Z,2018-04-09T00:02:59.6870000Z,12826,4776.831330787,2018-04-09
223,6830.68,6776.42,6876.33,6651.12,2018-04-10T23:58:04.9960000Z,2018-04-10T00:00:20.6500000Z,8213,2807.416911602,2018-04-10
224,6939.43,6831.73,6966.84,6801.68,2018-04-11T23:59:50.3520000Z,2018-04-11T00:03:10.0520000Z,9681,2866.252382498,2018-04-11
225,7920.39,6939.43,8076.83,6766.18,2018-04-12T23:59:35.3370000Z,2018-04-12T00:00:05.9520000Z,22818,10836.832552712,2018-04-12
226,7875.94,7920.08,8223.58,7732.43,2018-04-13T23:59:53.0160000Z,2018-04-13T00:00:00.1440000Z,17449,7863.161229462,2018-04-13
227,7998.07,7875.94,8175.86,7820.67,2018-04-14T23:59:59.8410000Z,2018-04-14T00:00:00.0800000Z,5962,2122.113673832,2018-04-14
228,8357.43,7998.07,8413.43,7998.07,2018-04-15T23:59:40.0670000Z,2018-04-15T00:00:19.2610000Z,6980,2298.167110897,2018-04-15
229,8052.27,8359.17,8415.0,7900.0,2018-04-16T23:59:23.8810000Z,2018-04-16T00:00:34.7720000Z,7738,4713.405097188,2018-04-16
230,7890.3,8055.0,8165.07,7820.01,2018-04-17T23:59:59.6520000Z,2018-04-17T00:01:27.3830000Z,6119,3055.603036975,2018-04-17
231,8167.0,7890.31,8227.32,7880.0,2018-04-18T23:59:50.3380000Z,2018-04-18T00:00:29.8300000Z,5784,3134.924463067,2018-04-18
232,8269.3,8168.5,8295.73,8090.0,2018-04-19T23:59:54.0160000Z,2018-04-19T00:00:02.3740000Z,10674,2784.03507559,2018-04-19
233,8847.07,8269.3,8932.16,8215.0,2018-04-20T23:17:44.9240000Z,2018-04-20T00:00:12.1100000Z,14259,5243.276378473,2018-04-20
234,8920.0,8844.25,9038.0,8602.08,2018-04-21T23:59:39.4540000Z,2018-04-21T02:13:52.7470000Z,9052,3386.612339663,2018-04-21
235,8800.0,8920.0,9017.0,8755.0,2018-04-22T23:59:39.7570000Z,2018-04-22T00:00:17.6030000Z,4098,1486.879774851,2018-04-22
236,8933.0,8799.0,8990.0,8775.0,2018-04-23T23:59:39.5390000Z,2018-04-23T00:00:27.0760000Z,5715,2063.505666673,2018-04-23
237,9649.99,8933.0,9740.97,8925.0,2018-04-24T23:59:47.3690000Z,2018-04-24T00:00:22.9070000Z,20820,5150.096086662,2018-04-24
238,8865.01,9650.0,9762.75,8755.0,2018-04-25T23:59:33.2260000Z,2018-04-25T00:00:01.2970000Z,14456,7591.220481265,2018-04-25
239,9280.95,8865.1,9315.24,8660.0,2018-04-26T23:59:59.9410000Z,2018-04-26T00:00:02.4370000Z,11487,4472.727414566,2018-04-26
240,8926.0,9280.47,9368.0,8901.27,2018-04-27T23:59:46.7870000Z,2018-04-27T00:00:00.0810000Z,8857,3269.171976118,2018-04-27
241,9343.83,8920.99,9422.29,8880.01,2018-04-28T23:59:55.2670000Z,2018-04-28T00:00:11.6550000Z,9951,2546.67518137,2018-04-28
242,9393.29,9339.05,9522.12,9176.76,2018-04-29T23:59:50.6600000Z,2018-04-29T00:00:52.0430000Z,4951,2040.439079067,2018-04-29
243,9244.38,9393.29,9440.91,9110.0,2018-04-30T23:59:27.3750000Z,2018-04-30T00:00:07.4800000Z,6117,2586.312968906,2018-04-30
244,9059.84,9248.8,9248.8,8816.08,2018-05-01T23:59:42.9370000Z,2018-05-01T00:00:01.6640000Z,18524,3397.505338968,2018-05-01
245,9211.7,9060.01,9259.0,8975.0,2018-05-02T23:59:20.1120000Z,2018-05-02T00:00:03.6880000Z,4803,2483.279787935,2018-05-02
246,9727.5,9221.93,9786.01,9163.25,2018-05-03T23:59:46.9870000Z,2018-05-03T00:00:47.1100000Z,6065,4870.591612481,2018-05-03
247,9691.37,9729.98,9780.0,9508.0,2018-05-04T23:59:56.8930000Z,2018-05-04T00:00:28.6140000Z,12624,3898.106804309,2018-05-04
248,9812.81,9686.22,9940.0,9668.67,2018-05-05T23:58:39.7390000Z,2018-05-05T00:00:44.7810000Z,7506,2064.199982346,2018-05-05
249,9599.88,9811.71,9890.0,9399.0,2018-05-06T23:59:32.8800000Z,2018-05-06T00:00:53.0970000Z,6954,1603.729585597,2018-05-06
250,9361.96,9599.87,9618.16,9175.0,2018-05-07T23:59:28.9370000Z,2018-05-07T00:00:01.8680000Z,8586,3293.202569218,2018-05-07
251,9181.42,9355.37,9450.0,9050.0,2018-05-08T23:59:02.7080000Z,2018-05-08T00:00:45.5230000Z,5515,2508.466474696,2018-05-08
252,9308.45,9181.43,9359.25,8953.26,2018-05-09T23:59:57.2980000Z,2018-05-09T00:00:17.6330000Z,8257,3489.860640241,2018-05-09
253,9017.58,9308.21,9387.98,9006.0,2018-05-10T23:58:58.6910000Z,2018-05-10T00:00:24.7680000Z,7001,2979.661194903,2018-05-10
254,8398.44,9017.58,9022.05,8350.18,2018-05-11T23:59:40.3020000Z,2018-05-11T00:00:07.4060000Z,19485,5169.243885518,2018-05-11
255,8466.31,8424.97,8647.84,8221.0,2018-05-12T23:59:31.7360000Z,2018-05-12T00:00:16.7760000Z,6694,2954.129565392,2018-05-12
256,8685.5,8484.63,8755.0,8340.1,2018-05-13T23:58:23.9880000Z,2018-05-13T00:01:49.0390000Z,2997,1369.240884666,2018-05-13
257,8682.73,8693.0,8899.62,8283.55,2018-05-14T23:59:48.8510000Z,2018-05-14T00:00:05.9540000Z,8010,4787.209362313,2018-05-14
258,8475.58,8678.51,8846.13,8418.65,2018-05-15T23:59:46.1530000Z,2018-05-15T00:00:18.8330000Z,7744,5283.742996334,2018-05-15
259,8344.94,8475.0,8501.53,8110.0,2018-05-16T23:59:12.1020000Z,2018-05-16T00:01:03.9140000Z,13591,7281.927089918,2018-05-16
260,8060.01,8353.48,8487.15,7999.0,2018-05-17T23:59:11.9490000Z,2018-05-17T00:01:57.1130000Z,12729,4066.709252869,2018-05-17
261,8230.0,8060.0,8279.0,7919.2,2018-05-18T23:17:17.3500000Z,2018-05-18T00:00:25.3160000Z,14072,3874.516520504,2018-05-18
262,8240.01,8230.0,8392.0,8152.49,2018-05-19T23:59:51.0850000Z,2018-05-19T02:46:59.0060000Z,4630,1379.603349793,2018-05-19
263,8515.17,8240.0,8600.0,8168.01,2018-05-20T23:59:03.3300000Z,2018-05-20T00:00:05.4090000Z,2704,1039.990453029,2018-05-20
264,8395.71,8520.0,8588.0,8315.49,2018-05-21T23:59:42.0000000Z,2018-05-21T00:00:00.3600000Z,3645,2113.71643001,2018-05-21
265,7985.77,8397.32,8402.79,7955.01,2018-05-22T23:59:42.6090000Z,2018-05-22T00:01:28.9290000Z,10714,3163.292341792,2018-05-22
266,7497.47,7985.76,8026.37,7438.43,2018-05-23T23:59:43.4400000Z,2018-05-23T00:00:03.8620000Z,25533,5769.816889265,2018-05-23
267,7572.49,7499.92,7746.18,7268.99,2018-05-24T23:59:18.5810000Z,2018-05-24T00:00:12.8450000Z,25555,5253.799865533,2018-05-24
268,7462.65,7575.37,7659.97,7322.29,2018-05-25T23:58:47.1450000Z,2018-05-25T00:00:18.5750000Z,10275,4674.052354788,2018-05-25
269,7333.2,7472.22,7647.46,7300.01,2018-05-26T23:58:58.1330000Z,2018-05-26T00:00:27.5510000Z,3421,1792.97061076,2018-05-26
270,7349.12,7333.2,7400.0,7208.1,2018-05-27T23:58:44.1240000Z,2018-05-27T00:00:00.9160000Z,3403,1008.853077222,2018-05-27
271,7098.11,7349.12,7445.89,7076.6,2018-05-28T23:59:36.3180000Z,2018-05-28T00:00:05.4190000Z,9292,2467.673974154,2018-05-28
272,7460.0,7102.78,7531.21,7055.94,2018-05-29T23:59:47.7080000Z,2018-05-29T00:00:03.6720000Z,13181,3469.935225217,2018-05-29
273,7387.88,7460.0,7567.72,7268.76,2018-05-30T23:59:34.1030000Z,2018-05-30T00:00:49.4720000Z,4437,2425.845420351,2018-05-30
274,7484.84,7376.95,7616.63,7340.0,2018-05-31T23:59:40.2520000Z,2018-05-31T00:00:59.0650000Z,3865,2604.391997158,2018-05-31
275,7521.01,7487.01,7616.63,7356.08,2018-06-01T23:59:32.9340000Z,2018-06-01T00:01:26.8120000Z,8535,2827.977212045,2018-06-01
276,7643.52,7521.01,7698.92,7441.0,2018-06-02T23:59:11.3020000Z,2018-06-02T00:00:17.8950000Z,3464,1598.242913189,2018-06-02
277,7709.99,7643.52,7790.91,7587.53,2018-06-03T23:58:45.9790000Z,2018-06-03T00:00:42.1170000Z,2867,1164.136033094,2018-06-03
278,7500.0,7709.99,7754.96,7447.02,2018-06-04T23:58:55.1720000Z,2018-06-04T00:00:26.1390000Z,6229,2124.114255727,2018-06-04
279,7610.0,7499.98,7677.03,7341.73,2018-06-05T23:59:12.9010000Z,2018-06-05T00:01:00.1150000Z,6324,1910.794425075,2018-06-05
280,7657.93,7610.0,7694.92,7480.79,2018-06-06T23:59:59.7890000Z,2018-06-06T00:00:08.3140000Z,7295,1641.948846686,2018-06-06
281,7691.26,7654.29,7745.0,7635.89,2018-06-07T23:57:00.4750000Z,2018-06-07T00:00:39.8850000Z,5782,1557.708758356,2018-06-07
282,7647.19,7690.71,7695.0,7539.97,2018-06-08T23:00:27.1580000Z,2018-06-08T00:00:08.9570000Z,4441,1307.220166128,2018-06-08
283,7501.64,7651.61,7684.22,7457.5,2018-06-09T23:59:53.3190000Z,2018-06-09T00:45:30.4310000Z,2013,703.50904449,2018-06-09
284,6770.0,7495.63,7495.63,6630.5,2018-06-10T23:59:50.7350000Z,2018-06-10T00:00:33.6270000Z,11684,6187.807730144,2018-06-10
285,6878.0,6770.0,6913.59,6646.19,2018-06-11T23:59:47.9610000Z,2018-06-11T00:00:10.5770000Z,6078,4598.1094689,2018-06-11
286,6550.0,6877.99,6879.99,6444.03,2018-06-12T23:59:45.0580000Z,2018-06-12T00:00:25.8010000Z,6293,3917.214548831,2018-06-12
287,6297.7,6550.0,6619.84,6122.94,2018-06-13T23:59:44.0540000Z,2018-06-13T00:00:18.8140000Z,9909,6857.068074815,2018-06-13
288,6639.66,6297.7,6711.42,6280.01,2018-06-14T23:57:32.9940000Z,2018-06-14T00:00:24.0850000Z,6806,5311.427823475,2018-06-14
289,6388.98,6639.66,6664.53,6365.52,2018-06-15T23:59:34.4680000Z,2018-06-15T00:00:13.2390000Z,7375,3320.689400186,2018-06-15
290,6486.86,6387.0,6550.0,6333.98,2018-06-16T23:59:44.7180000Z,2018-06-16T00:01:33.8170000Z,3683,1709.649517838,2018-06-16
291,6444.35,6491.42,6574.34,6430.77,2018-06-17T23:58:57.1410000Z,2018-06-17T00:00:33.4270000Z,1541,691.970709805,2018-06-17
292,6711.16,6450.0,6800.0,6380.41,2018-06-18T23:58:44.0510000Z,2018-06-18T00:01:09.6180000Z,3864,2336.267897574,2018-06-18
293,6740.96,6712.21,6831.0,6665.13,2018-06-19T23:58:55.6690000Z,2018-06-19T00:01:31.9210000Z,2793,1455.547086675,2018-06-19
294,6758.31,6735.46,6815.21,6550.59,2018-06-20T23:58:26.5360000Z,2018-06-20T00:00:18.7500000Z,3239,2285.33984454,2018-06-20
295,6717.88,6758.21,6785.87,6685.18,2018-06-21T23:59:52.0760000Z,2018-06-21T00:01:27.3400000Z,2260,1162.115804808,2018-06-21
296,6073.38,6717.88,6730.0,5940.05,2018-06-22T23:01:41.6120000Z,2018-06-22T00:02:18.8270000Z,19639,5632.74475605,2018-06-22
297,6172.55,6081.65,6259.09,6031.03,2018-06-23T23:58:16.9740000Z,2018-06-23T03:34:17.5660000Z,1967,1025.597926494,2018-06-23
298,6149.99,6178.97,6254.16,5768.4,2018-06-24T23:59:12.5360000Z,2018-06-24T00:00:05.5800000Z,6221,2735.060465422,2018-06-24
299,6242.53,6143.56,6349.46,6075.19,2018-06-25T23:59:48.1970000Z,2018-06-25T00:00:42.7390000Z,3848,2697.756649133,2018-06-25
300,6060.01,6244.11,6275.0,6051.01,2018-06-26T23:59:54.8530000Z,2018-06-26T00:00:08.0100000Z,3288,2142.236449143,2018-06-26
301,6135.8,6067.51,6177.31,5987.01,2018-06-27T23:59:31.5210000Z,2018-06-27T00:00:08.5630000Z,8047,2217.866011363,2018-06-27
302,5850.13,6135.79,6158.1,5825.26,2018-06-28T23:59:52.0320000Z,2018-06-28T00:00:29.9470000Z,6481,1877.525072689,2018-06-28
303,6202.49,5850.13,6600.0,5785.17,2018-06-29T23:59:58.7530000Z,2018-06-29T00:00:16.7590000Z,8206,4482.180140831,2018-06-29
304,6389.01,6202.49,6531.61,6193.28,2018-06-30T23:58:35.2060000Z,2018-06-30T00:01:04.6610000Z,3736,1981.450317608,2018-06-30
305,6355.15,6389.0,6430.01,6254.23,2018-07-01T21:18:37.8100000Z,2018-07-01T00:00:10.3200000Z,3173,1689.720943879,2018-07-01
