,price_close,price_open,price_high,price_low,time_close,time_open,trades_count,volume_traded,request_type,symbol_id,time_start,time_end,granularity
0,8516.86,8235.6,8600.0,8172.0,2018-05-19T20:00:00,2018-05-19T20:00:00,,4480.150300520312,products,BTC-USD,2017-08-29T00:00:00,2018-05-21T00:00:00,86400
1,8235.6,8238.51,8390.0,8152.54,2018-05-18T20:00:00,2018-05-18T20:00:00,,4198.420450850152,products,BTC-USD,2017-08-29T00:00:00,2018-05-21T00:00:00,86400
2,8238.51,8059.0,8280.0,7927.21,2018-05-17T20:00:00,2018-05-17T20:00:00,,8239.27361340075,products,BTC-USD,2017-08-29T00:00:00,2018-05-21T00:00:00,86400
3,8059.0,8344.01,8483.48,8001.0,2018-05-16T20:00:00,2018-05-16T20:00:00,,8477.105967880714,products,BTC-USD,2017-08-29T00:00:00,2018-05-21T00:00:00,86400
4,8344.0,8477.47,8500.0,8103.33,2018-05-15T20:00:00,2018-05-15T20:00:00,,10858.39139052121,products,BTC-USD,2017-08-29T00:00:00,2018-05-21T00:00:00,86400
5,8477.46,8670.0,8847.0,8420.45,2018-05-14T20:00:00,2018-05-14T20:00:00,,10892.265349231413,products,BTC-USD,2017-08-29T00:00:00,2018-05-21T00:00:00,86400
6,8670.0,8686.1,8880.01,8289.79,2018-05-13T20:00:00,2018-05-13T20:00:00,,14127.77598129143,products,BTC-USD,2017-08-29T00:00:00,2018-05-21T00:00:00,86400
7,8686.1,8474.31,8774.32,8345.0,2018-05-12T20:00:00,2018-05-12T20:00:00,,6678.594311950731,products,BTC-USD,2017-08-29T00:00:00,2018-05-21T00:00:00,86400
8,8475.0,8403.33,8658.57,8223.43,2018-05-11T20:00:00,2018-05-11T20:00:00,,11392.07313431128,products,BTC-USD,2017-08-29T00:00:00,2018-05-21T00:00:00,86400
9,8403.33,9010.51,9010.51,8351.0,2018-05-10T20:00:00,2018-05-10T20:00:00,,17511.826169141426,products,BTC-USD,2017-08-29T00:00:00,2018-05-21T00:00:00,86400
10,9010.51,9300.08,9386.32,9001.01,2018-05-09T20:00:00,2018-05-09T20:00:00,,7596.4051230605855,products,BTC-USD,2017-08-29T00:00:00,2018-05-21T00:00:00,86400
11,9300.08,9177.81,9370.0,8960.0,2018-05-08T20:00:00,2018-05-08T20:00:00,,8627.683913380677,products,BTC-USD,2017-08-29T00:00:00,2018-05-21T00:00:00,86400
12,9177.81,9356.25,9463.13,9050.0,2018-05-07T20:00:00,2018-05-07T20:00:00,,9561.303565100914,products,BTC-USD,2017-08-29T00:00:00,2018-05-21T00:00:00,86400
13,9356.25,9600.0,9619.55,9162.85,2018-05-06T20:00:00,2018-05-06T20:00:00,,9823.341817621138,products,BTC-USD,2017-08-29T00:00:00,2018-05-21T00:00:00,86400
14,9600.0,9799.99,9880.0,9390.0,2018-05-05T20:00:00,2018-05-05T20:00:00,,7592.051752250695,products,BTC-USD,2017-08-29T00:00:00,2018-05-21T00:00:00,86400
15,9800.0,9685.0,9948.12,9660.28,2018-05-04T20:00:00,2018-05-04T20:00:00,,9390.688571301336,products,BTC-USD,2017-08-29T00:00:00,2018-05-21T00:00:00,86400
16,9685.0,9725.74,9745.0,9451.5,2018-05-03T20:00:00,2018-05-03T20:00:00,,10837.79678583136,products,BTC-USD,2017-08-29T00:00:00,2018-05-21T00:00:00,86400
17,9725.74,9190.47,9800.0,9131.0,2018-05-02T20:00:00,2018-05-02T20:00:00,,14956.001209321961,products,BTC-USD,2017-08-29T00:00:00,2018-05-21T00:00:00,86400
18,9190.48,9072.29,9251.05,8990.0,2018-05-01T20:00:00,2018-05-01T20:00:00,,8818.065521590823,products,BTC-USD,2017-08-29T00:00:00,2018-05-21T00:00:00,86400
19,9072.29,9243.83,9245.37,8831.21,2018-04-30T20:00:00,2018-04-30T20:00:00,,11372.35045084127,products,BTC-USD,2017-08-29T00:00:00,2018-05-21T00:00:00,86400
20,9243.82,9389.01,9447.0,9110.88,2018-04-29T20:00:00,2018-04-29T20:00:00,,8862.185301090862,products,BTC-USD,2017-08-29T00:00:00,2018-05-21T00:00:00,86400
21,9389.01,9329.99,9512.5,9179.99,2018-04-28T20:00:00,2018-04-28T20:00:00,,7936.988122280809,products,BTC-USD,2017-08-29T00:00:00,2018-05-21T00:00:00,86400
22,9329.99,8922.56,9447.0,8863.42,2018-04-27T20:00:00,2018-04-27T20:00:00,,8849.351945450726,products,BTC-USD,2017-08-29T00:00:00,2018-05-21T00:00:00,86400
23,8922.55,9272.12,9369.0,8910.0,2018-04-26T20:00:00,2018-04-26T20:00:00,,12078.69256437074,products,BTC-USD,2017-08-29T00:00:00,2018-05-21T00:00:00,86400
24,9272.11,8865.98,9318.0,8660.0,2018-04-25T20:00:00,2018-04-25T20:00:00,,15215.015531483295,products,BTC-USD,2017-08-29T00:00:00,2018-05-21T00:00:00,86400
25,8865.98,9645.0,9763.49,8602.43,2018-04-24T20:00:00,2018-04-24T20:00:00,,31579.354336373006,products,BTC-USD,2017-08-29T00:00:00,2018-05-21T00:00:00,86400
26,9645.1,8931.31,9728.56,8930.0,2018-04-23T20:00:00,2018-04-23T20:00:00,,20843.240503031448,products,BTC-USD,2017-08-29T00:00:00,2018-05-21T00:00:00,86400
27,8931.3,8795.0,8991.0,8775.1,2018-04-22T20:00:00,2018-04-22T20:00:00,,8040.335579590936,products,BTC-USD,2017-08-29T00:00:00,2018-05-21T00:00:00,86400
28,8795.01,8915.42,9015.0,8754.01,2018-04-21T20:00:00,2018-04-21T20:00:00,,7803.4698516415065,products,BTC-USD,2017-08-29T00:00:00,2018-05-21T00:00:00,86400
29,8915.42,8866.27,9038.87,8610.7,2018-04-20T20:00:00,2018-04-20T20:00:00,,12270.50323062223,products,BTC-USD,2017-08-29T00:00:00,2018-05-21T00:00:00,86400
30,8866.27,8274.0,8932.57,8216.21,2018-04-19T20:00:00,2018-04-19T20:00:00,,16412.80899236233,products,BTC-USD,2017-08-29T00:00:00,2018-05-21T00:00:00,86400
31,8274.0,8152.05,8300.0,8101.47,2018-04-18T20:00:00,2018-04-18T20:00:00,,11932.907047631945,products,BTC-USD,2017-08-29T00:00:00,2018-05-21T00:00:00,86400
32,8152.05,7892.11,8243.99,7879.8,2018-04-17T20:00:00,2018-04-17T20:00:00,,10850.578595721712,products,BTC-USD,2017-08-29T00:00:00,2018-05-21T00:00:00,86400
33,7892.1,8048.92,8162.5,7822.0,2018-04-16T20:00:00,2018-04-16T20:00:00,,10700.357533611414,products,BTC-USD,2017-08-29T00:00:00,2018-05-21T00:00:00,86400
34,8048.93,8355.24,8398.98,7905.99,2018-04-15T20:00:00,2018-04-15T20:00:00,,13403.622003502374,products,BTC-USD,2017-08-29T00:00:00,2018-05-21T00:00:00,86400
35,8355.25,8003.12,8392.56,8003.11,2018-04-14T20:00:00,2018-04-14T20:00:00,,9899.54018698155,products,BTC-USD,2017-08-29T00:00:00,2018-05-21T00:00:00,86400
36,8003.11,7893.19,8150.0,7830.0,2018-04-13T20:00:00,2018-04-13T20:00:00,,9338.026785611932,products,BTC-USD,2017-08-29T00:00:00,2018-05-21T00:00:00,86400
37,7893.19,7915.99,8220.0,7760.0,2018-04-12T20:00:00,2018-04-12T20:00:00,,21986.724974221157,products,BTC-USD,2017-08-29T00:00:00,2018-05-21T00:00:00,86400
38,7916.0,6943.0,8050.0,6767.77,2018-04-11T20:00:00,2018-04-11T20:00:00,,31082.70844000313,products,BTC-USD,2017-08-29T00:00:00,2018-05-21T00:00:00,86400
39,6942.99,6825.0,6974.0,6806.01,2018-04-10T20:00:00,2018-04-10T20:00:00,,8182.991842290655,products,BTC-USD,2017-08-29T00:00:00,2018-05-21T00:00:00,86400
40,6824.99,6771.14,6893.29,6661.19,2018-04-09T20:00:00,2018-04-09T20:00:00,,7487.3388910409585,products,BTC-USD,2017-08-29T00:00:00,2018-05-21T00:00:00,86400
41,6771.13,7020.01,7169.53,6617.0,2018-04-08T20:00:00,2018-04-08T20:00:00,,13950.516699482343,products,BTC-USD,2017-08-29T00:00:00,2018-05-21T00:00:00,86400
42,7020.01,6894.01,7099.99,6880.0,2018-04-07T20:00:00,2018-04-07T20:00:00,,6296.834975080807,products,BTC-USD,2017-08-29T00:00:00,2018-05-21T00:00:00,86400
43,6894.01,6619.01,7064.64,6605.08,2018-04-06T20:00:00,2018-04-06T20:00:00,,10351.373673901247,products,BTC-USD,2017-08-29T00:00:00,2018-05-21T00:00:00,86400
44,6619.01,6785.86,6847.0,6518.88,2018-04-05T20:00:00,2018-04-05T20:00:00,,10694.195196331611,products,BTC-USD,2017-08-29T00:00:00,2018-05-21T00:00:00,86400
45,6785.85,6791.68,6933.11,6568.64,2018-04-04T20:00:00,2018-04-04T20:00:00,,14447.354039373568,products,BTC-USD,2017-08-29T00:00:00,2018-05-21T00:00:00,86400
46,6791.68,7424.91,7424.91,6708.46,2018-04-03T20:00:00,2018-04-03T20:00:00,,15311.431782272779,products,BTC-USD,2017-08-29T00:00:00,2018-05-21T00:00:00,86400
47,7424.9,7045.01,7520.0,7016.8,2018-04-02T20:00:00,2018-04-02T20:00:00,,18923.16624202165,products,BTC-USD,2017-08-29T00:00:00,2018-05-21T00:00:00,86400
48,7045.01,6816.01,7100.0,6777.28,2018-04-01T20:00:00,2018-04-01T20:00:00,,14315.145655092458,products,BTC-USD,2017-08-29T00:00:00,2018-05-21T00:00:00,86400
49,6816.01,6928.5,7044.46,6450.0,2018-03-31T20:00:00,2018-03-31T20:00:00,,15418.473456352987,products,BTC-USD,2017-08-29T00:00:00,2018-05-21T00:00:00,86400
50,6928.5,6848.01,7200.0,6780.0,2018-03-30T20:00:00,2018-03-30T20:00:00,,14951.049498552266,products,BTC-USD,2017-08-29T00:00:00,2018-05-21T00:00:00,86400
51,6848.01,7080.0,7275.35,6600.0,2018-03-29T20:00:00,2018-03-29T20:00:00,,29308.525310071596,products,BTC-USD,2017-08-29T00:00:00,2018-05-21T00:00:00,86400
52,7079.99,7942.73,7957.0,6905.0,2018-03-28T20:00:00,2018-03-28T20:00:00,,27810.293805899764,products,BTC-USD,2017-08-29T00:00:00,2018-05-21T00:00:00,86400
53,7942.72,7793.61,8088.0,7727.76,2018-03-27T20:00:00,2018-03-27T20:00:00,,10966.697570010932,products,BTC-USD,2017-08-29T00:00:00,2018-05-21T00:00:00,86400
54,7793.61,8144.99,8219.99,7757.0,2018-03-26T20:00:00,2018-03-26T20:00:00,,14986.517003571269,products,BTC-USD,2017-08-29T00:00:00,2018-05-21T00:00:00,86400
55,8145.0,8453.0,8498.0,7854.0,2018-03-25T20:00:00,2018-03-25T20:00:00,,19389.66296581067,products,BTC-USD,2017-08-29T00:00:00,2018-05-21T00:00:00,86400
56,8453.0,8531.96,8670.0,8359.45,2018-03-24T20:00:00,2018-03-24T20:00:00,,9048.849176261243,products,BTC-USD,2017-08-29T00:00:00,2018-05-21T00:00:00,86400
57,8531.34,8927.8,8999.0,8508.0,2018-03-23T20:00:00,2018-03-23T20:00:00,,11863.24882337178,products,BTC-USD,2017-08-29T00:00:00,2018-05-21T00:00:00,86400
58,8927.1,8715.09,8927.81,8280.04,2018-03-22T20:00:00,2018-03-22T20:00:00,,15264.292445741445,products,BTC-USD,2017-08-29T00:00:00,2018-05-21T00:00:00,86400
59,8715.09,8891.81,9073.93,8467.27,2018-03-21T20:00:00,2018-03-21T20:00:00,,14885.460808481143,products,BTC-USD,2017-08-29T00:00:00,2018-05-21T00:00:00,86400
60,8891.81,8900.0,9174.0,8745.0,2018-03-20T20:00:00,2018-03-20T20:00:00,,15736.355521691927,products,BTC-USD,2017-08-29T00:00:00,2018-05-21T00:00:00,86400
61,8900.0,8589.0,9046.26,8316.15,2018-03-19T20:00:00,2018-03-19T20:00:00,,20467.31096576174,products,BTC-USD,2017-08-29T00:00:00,2018-05-21T00:00:00,86400
62,8497.8,8315.56,8560.0,8307.24,2018-03-18T20:00:00,2018-03-18T20:00:00,,3806.1440019103284,products,BTC-USD,2017-08-29T00:00:00,2018-05-21T00:00:00,86400
63,8192.0,7857.59,8302.73,7310.0,2018-03-17T20:00:00,2018-03-17T20:00:00,,30526.639512783226,products,BTC-USD,2017-08-29T00:00:00,2018-05-21T00:00:00,86400
64,7865.02,8274.09,8349.82,7751.0,2018-03-16T20:00:00,2018-03-16T20:00:00,,13637.705085181875,products,BTC-USD,2017-08-29T00:00:00,2018-05-21T00:00:00,86400
65,8275.0,8260.0,8600.0,7911.0,2018-03-15T20:00:00,2018-03-15T20:00:00,,16964.856774902153,products,BTC-USD,2017-08-29T00:00:00,2018-05-21T00:00:00,86400
66,8259.99,8207.02,8400.0,7666.0,2018-03-14T20:00:00,2018-03-14T20:00:00,,28012.312661690463,products,BTC-USD,2017-08-29T00:00:00,2018-05-21T00:00:00,86400
67,8207.03,9145.42,9340.0,7931.0,2018-03-13T20:00:00,2018-03-13T20:00:00,,27751.75645500166,products,BTC-USD,2017-08-29T00:00:00,2018-05-21T00:00:00,86400
68,9145.41,9120.0,9472.88,8855.0,2018-03-12T20:00:00,2018-03-12T20:00:00,,17189.975292342388,products,BTC-USD,2017-08-29T00:00:00,2018-05-21T00:00:00,86400
69,9120.0,9533.88,9890.0,8780.49,2018-03-11T20:00:00,2018-03-11T20:00:00,,21153.813666552694,products,BTC-USD,2017-08-29T00:00:00,2018-05-21T00:00:00,86400
70,9533.88,8795.45,9760.0,8516.0,2018-03-10T19:00:00,2018-03-10T19:00:00,,21706.757479092583,products,BTC-USD,2017-08-29T00:00:00,2018-05-21T00:00:00,86400
71,8795.44,9255.0,9518.77,8720.08,2018-03-09T19:00:00,2018-03-09T19:00:00,,17253.696322613236,products,BTC-USD,2017-08-29T00:00:00,2018-05-21T00:00:00,86400
72,9255.0,9304.9,9410.0,8370.0,2018-03-08T19:00:00,2018-03-08T19:00:00,,41955.669253483175,products,BTC-USD,2017-08-29T00:00:00,2018-05-21T00:00:00,86400
73,9304.9,9925.0,10098.0,9050.0,2018-03-07T19:00:00,2018-03-07T19:00:00,,23318.00244815249,products,BTC-USD,2017-08-29T00:00:00,2018-05-21T00:00:00,86400
74,9920.0,10700.0,10894.0,9400.0,2018-03-06T19:00:00,2018-03-06T19:00:00,,32419.508141342732,products,BTC-USD,2017-08-29T00:00:00,2018-05-21T00:00:00,86400
75,10700.0,11371.5,11395.63,10565.85,2018-03-05T19:00:00,2018-03-05T19:00:00,,18305.56190277314,products,BTC-USD,2017-08-29T00:00:00,2018-05-21T00:00:00,86400
76,11377.54,11469.9,11645.74,11339.0,2018-03-04T19:00:00,2018-03-04T19:00:00,,11051.428577221433,products,BTC-USD,2017-08-29T00:00:00,2018-05-21T00:00:00,86400
77,11469.9,11432.51,11487.0,11041.0,2018-03-03T19:00:00,2018-03-03T19:00:00,,8633.59442682096,products,BTC-USD,2017-08-29T00:00:00,2018-05-21T00:00:00,86400
78,11432.5,11000.01,11494.57,11000.0,2018-03-02T19:00:00,2018-03-02T19:00:00,,13198.018020562262,products,BTC-USD,2017-08-29T00:00:00,2018-05-21T00:00:00,86400
79,11000.0,10895.93,11149.0,10765.0,2018-03-01T19:00:00,2018-03-01T19:00:00,,13837.319843053225,products,BTC-USD,2017-08-29T00:00:00,2018-05-21T00:00:00,86400
80,10895.92,10307.26,11075.0,10213.99,2018-02-28T19:00:00,2018-02-28T19:00:00,,15390.551063884082,products,BTC-USD,2017-08-29T00:00:00,2018-05-21T00:00:00,86400
81,10307.27,10556.3,11044.0,10263.0,2018-02-27T19:00:00,2018-02-27T19:00:00,,19669.317115401023,products,BTC-USD,2017-08-29T00:00:00,2018-05-21T00:00:00,86400
82,10566.57,10300.0,10845.07,10133.33,2018-02-26T19:00:00,2018-02-26T19:00:00,,18216.018408722553,products,BTC-USD,2017-08-29T00:00:00,2018-05-21T00:00:00,86400
83,10300.0,9600.0,10447.74,9404.0,2018-02-25T19:00:00,2018-02-25T19:00:00,,19118.779825961323,products,BTC-USD,2017-08-29T00:00:00,2018-05-21T00:00:00,86400
84,9597.99,9688.61,9850.0,9324.75,2018-02-24T19:00:00,2018-02-24T19:00:00,,11707.160670991661,products,BTC-USD,2017-08-29T00:00:00,2018-05-21T00:00:00,86400
85,9688.62,10144.99,10494.14,9372.72,2018-02-23T19:00:00,2018-02-23T19:00:00,,19727.949028983032,products,BTC-USD,2017-08-29T00:00:00,2018-05-21T00:00:00,86400
86,10144.99,9830.0,10390.77,9576.43,2018-02-22T19:00:00,2018-02-22T19:00:00,,20776.536181931613,products,BTC-USD,2017-08-29T00:00:00,2018-05-21T00:00:00,86400
87,9830.0,10453.83,10900.0,9715.27,2018-02-21T19:00:00,2018-02-21T19:00:00,,28095.856511631093,products,BTC-USD,2017-08-29T00:00:00,2018-05-21T00:00:00,86400
88,10454.27,11235.57,11279.99,10250.0,2018-02-20T19:00:00,2018-02-20T19:00:00,,30033.22588562145,products,BTC-USD,2017-08-29T00:00:00,2018-05-21T00:00:00,86400
89,11235.57,11140.0,11775.0,11000.0,2018-02-19T19:00:00,2018-02-19T19:00:00,,28425.11656623136,products,BTC-USD,2017-08-29T00:00:00,2018-05-21T00:00:00,86400
90,11140.0,10380.03,11274.11,10297.39,2018-02-18T19:00:00,2018-02-18T19:00:00,,17633.25670433297,products,BTC-USD,2017-08-29T00:00:00,2018-05-21T00:00:00,86400
91,10380.04,11121.5,11299.1,10159.0,2018-02-17T19:00:00,2018-02-17T19:00:00,,26974.274186809023,products,BTC-USD,2017-08-29T00:00:00,2018-05-21T00:00:00,86400
92,11121.5,10167.49,11149.0,10057.0,2018-02-16T19:00:00,2018-02-16T19:00:00,,20773.704158201792,products,BTC-USD,2017-08-29T00:00:00,2018-05-21T00:00:00,86400
93,10167.49,10031.23,10307.68,9729.58,2018-02-15T19:00:00,2018-02-15T19:00:00,,17843.545907782725,products,BTC-USD,2017-08-29T00:00:00,2018-05-21T00:00:00,86400
94,10031.23,9472.98,10249.81,9342.46,2018-02-14T19:00:00,2018-02-14T19:00:00,,32371.056911357853,products,BTC-USD,2017-08-29T00:00:00,2018-05-21T00:00:00,86400
95,9472.98,8520.01,9482.5,8520.0,2018-02-13T19:00:00,2018-02-13T19:00:00,,24369.27754187052,products,BTC-USD,2017-08-29T00:00:00,2018-05-21T00:00:00,86400
96,8520.01,8872.27,8925.0,8393.1,2018-02-12T19:00:00,2018-02-12T19:00:00,,13952.547548052018,products,BTC-USD,2017-08-29T00:00:00,2018-05-21T00:00:00,86400
97,8872.28,8073.0,8950.0,8072.99,2018-02-11T19:00:00,2018-02-11T19:00:00,,19717.620289611204,products,BTC-USD,2017-08-29T00:00:00,2018-05-21T00:00:00,86400
98,8072.99,8547.48,8547.49,7851.0,2018-02-10T19:00:00,2018-02-10T19:00:00,,16803.76839411127,products,BTC-USD,2017-08-29T00:00:00,2018-05-21T00:00:00,86400
99,8547.49,8671.0,9090.0,8155.0,2018-02-09T19:00:00,2018-02-09T19:00:00,,24876.864913310797,products,BTC-USD,2017-08-29T00:00:00,2018-05-21T00:00:00,86400
100,8671.01,8218.07,8700.0,7750.0,2018-02-08T19:00:00,2018-02-08T19:00:00,,27554.32194051004,products,BTC-USD,2017-08-29T00:00:00,2018-05-21T00:00:00,86400
101,8218.1,7575.76,8625.0,7550.0,2018-02-07T19:00:00,2018-02-07T19:00:00,,31646.91251685064,products,BTC-USD,2017-08-29T00:00:00,2018-05-21T00:00:00,86400
102,7575.75,7688.47,8650.0,7212.82,2018-02-06T19:00:00,2018-02-06T19:00:00,,50891.54972986722,products,BTC-USD,2017-08-29T00:00:00,2018-05-21T00:00:00,86400
103,7688.46,6905.2,7948.89,5873.0,2018-02-05T19:00:00,2018-02-05T19:00:00,,91890.49576574717,products,BTC-USD,2017-08-29T00:00:00,2018-05-21T00:00:00,86400
104,6905.19,8167.9,8349.16,6425.75,2018-02-04T19:00:00,2018-02-04T19:00:00,,59575.37151584862,products,BTC-USD,2017-08-29T00:00:00,2018-05-21T00:00:00,86400
105,8167.91,9227.8,9350.0,7859.0,2018-02-03T19:00:00,2018-02-03T19:00:00,,24059.188024342286,products,BTC-USD,2017-08-29T00:00:00,2018-05-21T00:00:00,86400
106,9240.0,8787.52,9499.0,8115.48,2018-02-02T19:00:00,2018-02-02T19:00:00,,23684.294365536105,products,BTC-USD,2017-08-29T00:00:00,2018-05-21T00:00:00,86400
107,8787.52,9014.22,9090.08,7540.0,2018-02-01T19:00:00,2018-02-01T19:00:00,,52037.55234550738,products,BTC-USD,2017-08-29T00:00:00,2018-05-21T00:00:00,86400
108,9014.23,10099.99,10166.25,8400.0,2018-01-31T19:00:00,2018-01-31T19:00:00,,38152.39044725048,products,BTC-USD,2017-08-29T00:00:00,2018-05-21T00:00:00,86400
109,10099.99,9995.0,10299.95,9601.02,2018-01-30T19:00:00,2018-01-30T19:00:00,,19533.03019724567,products,BTC-USD,2017-08-29T00:00:00,2018-05-21T00:00:00,86400
110,9995.0,11123.01,11150.0,9711.11,2018-01-29T19:00:00,2018-01-29T19:00:00,,27583.83796119973,products,BTC-USD,2017-08-29T00:00:00,2018-05-21T00:00:00,86400
111,11123.01,11536.0,11570.0,10840.0,2018-01-28T19:00:00,2018-01-28T19:00:00,,11162.535948184273,products,BTC-USD,2017-08-29T00:00:00,2018-05-21T00:00:00,86400
112,11536.0,11319.0,11697.24,11234.38,2018-01-27T19:00:00,2018-01-27T19:00:00,,13684.869045136682,products,BTC-USD,2017-08-29T00:00:00,2018-05-21T00:00:00,86400
113,11319.0,11086.88,11494.08,10850.0,2018-01-26T19:00:00,2018-01-26T19:00:00,,12301.085315002558,products,BTC-USD,2017-08-29T00:00:00,2018-05-21T00:00:00,86400
114,11086.89,11118.0,11570.0,10305.0,2018-01-25T19:00:00,2018-01-25T19:00:00,,19343.271954012063,products,BTC-USD,2017-08-29T00:00:00,2018-05-21T00:00:00,86400
115,11118.0,11356.8,11690.0,10851.0,2018-01-24T19:00:00,2018-01-24T19:00:00,,13801.789600025413,products,BTC-USD,2017-08-29T00:00:00,2018-05-21T00:00:00,86400
116,11356.79,10824.95,11450.0,10450.0,2018-01-23T19:00:00,2018-01-23T19:00:00,,15159.462982988005,products,BTC-USD,2017-08-29T00:00:00,2018-05-21T00:00:00,86400
117,10824.94,10766.7,11370.0,9945.0,2018-01-22T19:00:00,2018-01-22T19:00:00,,21897.002229661455,products,BTC-USD,2017-08-29T00:00:00,2018-05-21T00:00:00,86400
118,10766.7,11518.17,11849.0,10025.0,2018-01-21T19:00:00,2018-01-21T19:00:00,,24352.470271489943,products,BTC-USD,2017-08-29T00:00:00,2018-05-21T00:00:00,86400
119,11518.17,12762.8,12762.8,11118.0,2018-01-20T19:00:00,2018-01-20T19:00:00,,16425.311514063666,products,BTC-USD,2017-08-29T00:00:00,2018-05-21T00:00:00,86400
120,12762.8,11499.0,12985.55,11498.99,2018-01-19T19:00:00,2018-01-19T19:00:00,,18749.89039326197,products,BTC-USD,2017-08-29T00:00:00,2018-05-21T00:00:00,86400
121,11498.99,11305.53,11973.99,11050.0,2018-01-18T19:00:00,2018-01-18T19:00:00,,15959.30876174292,products,BTC-USD,2017-08-29T00:00:00,2018-05-21T00:00:00,86400
122,11305.53,11204.64,12123.1,10687.21,2018-01-17T19:00:00,2018-01-17T19:00:00,,30134.641826216044,products,BTC-USD,2017-08-29T00:00:00,2018-05-21T00:00:00,86400
123,11200.01,11570.01,12358.89,9005.0,2018-01-16T19:00:00,2018-01-16T19:00:00,,63957.23018914657,products,BTC-USD,2017-08-29T00:00:00,2018-05-21T00:00:00,86400
124,11570.01,13590.0,13643.66,9928.62,2018-01-15T19:00:00,2018-01-15T19:00:00,,62196.53503234043,products,BTC-USD,2017-08-29T00:00:00,2018-05-21T00:00:00,86400
125,13590.0,13656.23,14253.0,13416.0,2018-01-14T19:00:00,2018-01-14T19:00:00,,10511.685073141547,products,BTC-USD,2017-08-29T00:00:00,2018-05-21T00:00:00,86400
126,13656.23,14187.94,14332.85,13110.0,2018-01-13T19:00:00,2018-01-13T19:00:00,,10783.39313813147,products,BTC-USD,2017-08-29T00:00:00,2018-05-21T00:00:00,86400
127,14187.95,13820.0,14500.0,13792.25,2018-01-12T19:00:00,2018-01-12T19:00:00,,10490.823823810973,products,BTC-USD,2017-08-29T00:00:00,2018-05-21T00:00:00,86400
128,13820.0,13308.06,14080.83,12900.0,2018-01-11T19:00:00,2018-01-11T19:00:00,,14816.747205521697,products,BTC-USD,2017-08-29T00:00:00,2018-05-21T00:00:00,86400
129,13308.06,14875.17,14970.0,12800.01,2018-01-10T19:00:00,2018-01-10T19:00:00,,28879.86651079583,products,BTC-USD,2017-08-29T00:00:00,2018-05-21T00:00:00,86400
130,14875.18,14481.0,14875.18,13550.01,2018-01-09T19:00:00,2018-01-09T19:00:00,,22654.631680709037,products,BTC-USD,2017-08-29T00:00:00,2018-05-21T00:00:00,86400
131,14480.99,14993.73,15384.0,14230.0,2018-01-08T19:00:00,2018-01-08T19:00:00,,15382.5309790848,products,BTC-USD,2017-08-29T00:00:00,2018-05-21T00:00:00,86400
132,14993.74,16174.22,16275.0,14000.0,2018-01-07T19:00:00,2018-01-07T19:00:00,,23150.467616375405,products,BTC-USD,2017-08-29T00:00:00,2018-05-21T00:00:00,86400
133,16174.22,17099.0,17115.01,15755.01,2018-01-06T19:00:00,2018-01-06T19:00:00,,12341.070848871354,products,BTC-USD,2017-08-29T00:00:00,2018-05-21T00:00:00,86400
134,17098.99,16960.01,17174.0,16251.01,2018-01-05T19:00:00,2018-01-05T19:00:00,,14104.181464371992,products,BTC-USD,2017-08-29T00:00:00,2018-05-21T00:00:00,86400
135,16960.01,15145.0,17178.0,14819.78,2018-01-04T19:00:00,2018-01-04T19:00:00,,22917.017646047505,products,BTC-USD,2017-08-29T00:00:00,2018-05-21T00:00:00,86400
136,15144.99,15098.23,15400.0,14230.0,2018-01-03T19:00:00,2018-01-03T19:00:00,,20010.43496448724,products,BTC-USD,2017-08-29T00:00:00,2018-05-21T00:00:00,86400
137,15098.14,14781.52,15400.0,14628.0,2018-01-02T19:00:00,2018-01-02T19:00:00,,17867.702131463404,products,BTC-USD,2017-08-29T00:00:00,2018-05-21T00:00:00,86400
138,14781.51,13480.0,15275.0,13005.0,2018-01-01T19:00:00,2018-01-01T19:00:00,,26387.794134501048,products,BTC-USD,2017-08-29T00:00:00,2018-05-21T00:00:00,86400
139,13480.01,13863.14,13889.0,12952.5,2017-12-31T19:00:00,2017-12-31T19:00:00,,12292.15329783289,products,BTC-USD,2017-08-29T00:00:00,2018-05-21T00:00:00,86400
140,13863.13,12839.98,14280.26,12633.8,2017-12-30T19:00:00,2017-12-30T19:00:00,,18604.18397792288,products,BTC-USD,2017-08-29T00:00:00,2018-05-21T00:00:00,86400
141,12839.99,14565.04,14639.79,12500.0,2017-12-29T19:00:00,2017-12-29T19:00:00,,28780.68955953507,products,BTC-USD,2017-08-29T00:00:00,2018-05-21T00:00:00,86400
142,14565.05,14450.01,15105.34,14041.81,2017-12-28T19:00:00,2017-12-28T19:00:00,,18474.94782329898,products,BTC-USD,2017-08-29T00:00:00,2018-05-21T00:00:00,86400
143,14450.01,15360.01,15489.0,13500.0,2017-12-27T19:00:00,2017-12-27T19:00:00,,31266.75622690276,products,BTC-USD,2017-08-29T00:00:00,2018-05-21T00:00:00,86400
144,15367.08,15790.88,16490.0,14524.37,2017-12-26T19:00:00,2017-12-26T19:00:00,,24953.26286923786,products,BTC-USD,2017-08-29T00:00:00,2018-05-21T00:00:00,86400
145,15790.88,14171.99,16148.0,14171.98,2017-12-25T19:00:00,2017-12-25T19:00:00,,22462.56401182928,products,BTC-USD,2017-08-29T00:00:00,2018-05-21T00:00:00,86400
146,14171.98,14221.93,14774.0,13450.0,2017-12-24T19:00:00,2017-12-24T19:00:00,,15425.34695081121,products,BTC-USD,2017-08-29T00:00:00,2018-05-21T00:00:00,86400
147,14221.94,15075.89,15109.27,13210.0,2017-12-23T19:00:00,2017-12-23T19:00:00,,24834.82066788159,products,BTC-USD,2017-08-29T00:00:00,2018-05-21T00:00:00,86400
148,15075.89,14229.47,16261.0,13750.0,2017-12-22T19:00:00,2017-12-22T19:00:00,,30793.214152218046,products,BTC-USD,2017-08-29T00:00:00,2018-05-21T00:00:00,86400
149,14210.57,15758.8,15974.95,10400.0,2017-12-21T19:00:00,2017-12-21T19:00:00,,103036.53574243,products,BTC-USD,2017-08-29T00:00:00,2018-05-21T00:00:00,86400
150,15758.8,16496.9,17364.57,15151.0,2017-12-20T19:00:00,2017-12-20T19:00:00,,28737.595032966772,products,BTC-USD,2017-08-29T00:00:00,2018-05-21T00:00:00,86400
151,16496.89,17838.73,17890.0,14001.0,2017-12-19T19:00:00,2017-12-19T19:00:00,,47979.103007315534,products,BTC-USD,2017-08-29T00:00:00,2018-05-21T00:00:00,86400
152,17838.73,19039.01,19099.0,16800.0,2017-12-18T19:00:00,2017-12-18T19:00:00,,32145.810476434497,products,BTC-USD,2017-08-29T00:00:00,2018-05-21T00:00:00,86400
153,19039.01,19378.99,19385.0,18200.0,2017-12-17T19:00:00,2017-12-17T19:00:00,,26383.858211827166,products,BTC-USD,2017-08-29T00:00:00,2018-05-21T00:00:00,86400
154,19378.99,19650.02,19891.99,19010.0,2017-12-16T19:00:00,2017-12-16T19:00:00,,21467.90058045762,products,BTC-USD,2017-08-29T00:00:00,2018-05-21T00:00:00,86400
155,19650.01,17738.68,19797.0,17630.0,2017-12-15T19:00:00,2017-12-15T19:00:00,,24840.1150026251,products,BTC-USD,2017-08-29T00:00:00,2018-05-21T00:00:00,86400
156,17738.67,16749.79,17899.0,16745.0,2017-12-14T19:00:00,2017-12-14T19:00:00,,28605.299334422663,products,BTC-USD,2017-08-29T00:00:00,2018-05-21T00:00:00,86400
157,16749.78,16689.62,17199.6,16256.0,2017-12-13T19:00:00,2017-12-13T19:00:00,,16329.303500194284,products,BTC-USD,2017-08-29T00:00:00,2018-05-21T00:00:00,86400
158,16689.61,17730.12,17900.0,15700.0,2017-12-12T19:00:00,2017-12-12T19:00:00,,31844.20438863102,products,BTC-USD,2017-08-29T00:00:00,2018-05-21T00:00:00,86400
159,17730.12,16885.76,18149.99,16375.0,2017-12-11T19:00:00,2017-12-11T19:00:00,,38218.84482136798,products,BTC-USD,2017-08-29T00:00:00,2018-05-21T00:00:00,86400
160,16885.76,15290.01,17493.0,15200.0,2017-12-10T19:00:00,2017-12-10T19:00:00,,41163.653611322865,products,BTC-USD,2017-08-29T00:00:00,2018-05-21T00:00:00,86400
161,15290.01,15309.99,16300.0,13501.0,2017-12-09T19:00:00,2017-12-09T19:00:00,,52871.31424993294,products,BTC-USD,2017-08-29T00:00:00,2018-05-21T00:00:00,86400
162,15309.98,16367.03,16499.0,13550.0,2017-12-08T19:00:00,2017-12-08T19:00:00,,41168.59693972279,products,BTC-USD,2017-08-29T00:00:00,2018-05-21T00:00:00,86400
163,16367.03,17390.01,17777.69,13788.99,2017-12-07T19:00:00,2017-12-07T19:00:00,,68496.89159951825,products,BTC-USD,2017-08-29T00:00:00,2018-05-21T00:00:00,86400
164,17390.01,14090.0,19697.0,13500.0,2017-12-06T19:00:00,2017-12-06T19:00:00,,84513.11185831222,products,BTC-USD,2017-08-29T00:00:00,2018-05-21T00:00:00,86400
165,14090.0,11718.34,14425.0,11717.5,2017-12-05T19:00:00,2017-12-05T19:00:00,,51353.20275899833,products,BTC-USD,2017-08-29T00:00:00,2018-05-21T00:00:00,86400
166,11718.35,11643.99,11875.0,11532.0,2017-12-04T19:00:00,2017-12-04T19:00:00,,17711.468115550742,products,BTC-USD,2017-08-29T00:00:00,2018-05-21T00:00:00,86400
167,11643.98,11290.0,11650.0,10950.0,2017-12-03T19:00:00,2017-12-03T19:00:00,,20180.786529130546,products,BTC-USD,2017-08-29T00:00:00,2018-05-21T00:00:00,86400
168,11290.0,10930.24,11891.0,10601.0,2017-12-02T19:00:00,2017-12-02T19:00:00,,31415.65084227253,products,BTC-USD,2017-08-29T00:00:00,2018-05-21T00:00:00,86400
169,10930.24,10869.85,11100.0,10701.0,2017-12-01T19:00:00,2017-12-01T19:00:00,,20197.018101529393,products,BTC-USD,2017-08-29T00:00:00,2018-05-21T00:00:00,86400
170,10869.84,9903.01,10937.0,9517.0,2017-11-30T19:00:00,2017-11-30T19:00:00,,33257.43098237812,products,BTC-USD,2017-08-29T00:00:00,2018-05-21T00:00:00,86400
171,9903.0,9920.81,10850.0,9135.6,2017-11-29T19:00:00,2017-11-29T19:00:00,,42531.48776062427,products,BTC-USD,2017-08-29T00:00:00,2018-05-21T00:00:00,86400
172,9935.98,9949.0,11485.0,8595.55,2017-11-28T19:00:00,2017-11-28T19:00:00,,70209.19882951982,products,BTC-USD,2017-08-29T00:00:00,2018-05-21T00:00:00,86400
173,9949.0,9768.71,9989.95,9705.99,2017-11-27T19:00:00,2017-11-27T19:00:00,,18958.89551282001,products,BTC-USD,2017-08-29T00:00:00,2018-05-21T00:00:00,86400
174,9768.71,9401.11,9795.0,9401.0,2017-11-26T19:00:00,2017-11-26T19:00:00,,25683.326246394772,products,BTC-USD,2017-08-29T00:00:00,2018-05-21T00:00:00,86400
175,9401.11,8795.5,9596.0,8795.5,2017-11-25T19:00:00,2017-11-25T19:00:00,,28641.41040719668,products,BTC-USD,2017-08-29T00:00:00,2018-05-21T00:00:00,86400
176,8795.5,8215.01,8795.5,8203.98,2017-11-24T19:00:00,2017-11-24T19:00:00,,16482.327858463268,products,BTC-USD,2017-08-29T00:00:00,2018-05-21T00:00:00,86400
177,8215.01,8031.16,8324.0,7900.0,2017-11-23T19:00:00,2017-11-23T19:00:00,,14748.680837883549,products,BTC-USD,2017-08-29T00:00:00,2018-05-21T00:00:00,86400
178,8031.16,8250.0,8274.98,8031.16,2017-11-22T19:00:00,2017-11-22T19:00:00,,11919.916700691301,products,BTC-USD,2017-08-29T00:00:00,2018-05-21T00:00:00,86400
179,8250.0,8109.0,8298.98,8103.13,2017-11-21T19:00:00,2017-11-21T19:00:00,,13690.731759502296,products,BTC-USD,2017-08-29T00:00:00,2018-05-21T00:00:00,86400
180,8109.0,8256.01,8375.0,7802.99,2017-11-20T19:00:00,2017-11-20T19:00:00,,31250.16074778162,products,BTC-USD,2017-08-29T00:00:00,2018-05-21T00:00:00,86400
181,8256.01,8031.83,8293.25,7969.0,2017-11-19T19:00:00,2017-11-19T19:00:00,,15693.214261162948,products,BTC-USD,2017-08-29T00:00:00,2018-05-21T00:00:00,86400
182,8031.82,7777.01,8098.62,7700.0,2017-11-18T19:00:00,2017-11-18T19:00:00,,14765.84963561178,products,BTC-USD,2017-08-29T00:00:00,2018-05-21T00:00:00,86400
183,7777.01,7714.7,7847.98,7502.0,2017-11-17T19:00:00,2017-11-17T19:00:00,,14707.536844249666,products,BTC-USD,2017-08-29T00:00:00,2018-05-21T00:00:00,86400
184,7714.71,7838.54,7988.5,7536.0,2017-11-16T19:00:00,2017-11-16T19:00:00,,25031.04812726617,products,BTC-USD,2017-08-29T00:00:00,2018-05-21T00:00:00,86400
185,7838.53,7294.0,7985.37,7130.0,2017-11-15T19:00:00,2017-11-15T19:00:00,,29352.776150633803,products,BTC-USD,2017-08-29T00:00:00,2018-05-21T00:00:00,86400
186,7294.0,6605.0,7349.0,6605.0,2017-11-14T19:00:00,2017-11-14T19:00:00,,27878.012097322528,products,BTC-USD,2017-08-29T00:00:00,2018-05-21T00:00:00,86400
187,6605.0,6535.87,6748.0,6450.0,2017-11-13T19:00:00,2017-11-13T19:00:00,,20256.43299376123,products,BTC-USD,2017-08-29T00:00:00,2018-05-21T00:00:00,86400
188,6535.87,5886.35,6841.45,5850.0,2017-11-12T19:00:00,2017-11-12T19:00:00,,36435.24412920379,products,BTC-USD,2017-08-29T00:00:00,2018-05-21T00:00:00,86400
189,5886.35,6346.64,6486.0,5511.11,2017-11-11T19:00:00,2017-11-11T19:00:00,,52486.38494699077,products,BTC-USD,2017-08-29T00:00:00,2018-05-21T00:00:00,86400
190,6346.7,6577.63,6894.99,6201.01,2017-11-10T19:00:00,2017-11-10T19:00:00,,25649.567079388682,products,BTC-USD,2017-08-29T00:00:00,2018-05-21T00:00:00,86400
191,6577.62,7156.0,7350.0,6426.0,2017-11-09T19:00:00,2017-11-09T19:00:00,,34071.77769506517,products,BTC-USD,2017-08-29T00:00:00,2018-05-21T00:00:00,86400
192,7156.0,7467.97,7470.01,7079.0,2017-11-08T19:00:00,2017-11-08T19:00:00,,18059.350069632368,products,BTC-USD,2017-08-29T00:00:00,2018-05-21T00:00:00,86400
193,7467.96,7128.99,7898.0,7031.66,2017-11-07T19:00:00,2017-11-07T19:00:00,,38183.6275896576,products,BTC-USD,2017-08-29T00:00:00,2018-05-21T00:00:00,86400
194,7126.63,6969.76,7232.84,6968.49,2017-11-06T19:00:00,2017-11-06T19:00:00,,14503.28232211198,products,BTC-USD,2017-08-29T00:00:00,2018-05-21T00:00:00,86400
195,6969.76,7391.95,7432.49,6900.73,2017-11-05T19:00:00,2017-11-05T19:00:00,,24287.520913855715,products,BTC-USD,2017-08-29T00:00:00,2018-05-21T00:00:00,86400
196,7392.0,7412.35,7630.0,7310.0,2017-11-04T20:00:00,2017-11-04T20:00:00,,16504.957648621996,products,BTC-USD,2017-08-29T00:00:00,2018-05-21T00:00:00,86400
197,7412.55,7170.01,7498.0,7011.1,2017-11-03T20:00:00,2017-11-03T20:00:00,,13668.895448630636,products,BTC-USD,2017-08-29T00:00:00,2018-05-21T00:00:00,86400
198,7170.01,7039.99,7449.99,6955.89,2017-11-02T20:00:00,2017-11-02T20:00:00,,24759.331306027503,products,BTC-USD,2017-08-29T00:00:00,2018-05-21T00:00:00,86400
199,7039.98,6783.69,7445.0,6759.0,2017-11-01T20:00:00,2017-11-01T20:00:00,,35889.17659700642,products,BTC-USD,2017-08-29T00:00:00,2018-05-21T00:00:00,86400
200,6783.69,6445.01,6784.0,6363.59,2017-10-31T20:00:00,2017-10-31T20:00:00,,20571.55320179021,products,BTC-USD,2017-08-29T00:00:00,2018-05-21T00:00:00,86400
201,6445.01,6124.16,6472.13,6095.96,2017-10-30T20:00:00,2017-10-30T20:00:00,,15024.495585041655,products,BTC-USD,2017-08-29T00:00:00,2018-05-21T00:00:00,86400
202,6124.16,6140.01,6200.0,6028.0,2017-10-29T20:00:00,2017-10-29T20:00:00,,8341.532445991012,products,BTC-USD,2017-08-29T00:00:00,2018-05-21T00:00:00,86400
203,6140.01,5752.01,6298.99,5728.0,2017-10-28T20:00:00,2017-10-28T20:00:00,,12509.855150880294,products,BTC-USD,2017-08-29T00:00:00,2018-05-21T00:00:00,86400
204,5752.01,5780.0,5894.0,5715.0,2017-10-27T20:00:00,2017-10-27T20:00:00,,5453.797988890136,products,BTC-USD,2017-08-29T00:00:00,2018-05-21T00:00:00,86400
205,5780.0,5891.61,5998.0,5708.8,2017-10-26T20:00:00,2017-10-26T20:00:00,,9337.844124811072,products,BTC-USD,2017-08-29T00:00:00,2018-05-21T00:00:00,86400
206,5891.61,5739.97,6000.0,5701.0,2017-10-25T20:00:00,2017-10-25T20:00:00,,11850.827188240082,products,BTC-USD,2017-08-29T00:00:00,2018-05-21T00:00:00,86400
207,5739.97,5525.43,5765.0,5376.71,2017-10-24T20:00:00,2017-10-24T20:00:00,,14150.986318422154,products,BTC-USD,2017-08-29T00:00:00,2018-05-21T00:00:00,86400
208,5525.43,5906.0,5906.0,5462.19,2017-10-23T20:00:00,2017-10-23T20:00:00,,18281.065187719738,products,BTC-USD,2017-08-29T00:00:00,2018-05-21T00:00:00,86400
209,5905.99,6005.05,6057.02,5650.98,2017-10-22T20:00:00,2017-10-22T20:00:00,,16446.78333056132,products,BTC-USD,2017-08-29T00:00:00,2018-05-21T00:00:00,86400
210,6005.05,6024.85,6082.3,5755.95,2017-10-21T20:00:00,2017-10-21T20:00:00,,10770.429512931516,products,BTC-USD,2017-08-29T00:00:00,2018-05-21T00:00:00,86400
211,6024.86,5989.1,6189.1,5868.26,2017-10-20T20:00:00,2017-10-20T20:00:00,,14612.721467671974,products,BTC-USD,2017-08-29T00:00:00,2018-05-21T00:00:00,86400
212,5989.1,5704.0,6063.99,5630.0,2017-10-19T20:00:00,2017-10-19T20:00:00,,16708.98156400072,products,BTC-USD,2017-08-29T00:00:00,2018-05-21T00:00:00,86400
213,5704.01,5574.02,5750.0,5529.44,2017-10-18T20:00:00,2017-10-18T20:00:00,,8908.556522269733,products,BTC-USD,2017-08-29T00:00:00,2018-05-21T00:00:00,86400
214,5574.44,5593.97,5600.0,5102.0,2017-10-17T20:00:00,2017-10-17T20:00:00,,17620.441504422262,products,BTC-USD,2017-08-29T00:00:00,2018-05-21T00:00:00,86400
215,5594.0,5754.9,5769.99,5525.0,2017-10-16T20:00:00,2017-10-16T20:00:00,,9119.361769501647,products,BTC-USD,2017-08-29T00:00:00,2018-05-21T00:00:00,86400
216,5754.9,5693.7,5785.3,5575.55,2017-10-15T20:00:00,2017-10-15T20:00:00,,8820.355378919576,products,BTC-USD,2017-08-29T00:00:00,2018-05-21T00:00:00,86400
217,5693.7,5819.13,5849.83,5455.5,2017-10-14T20:00:00,2017-10-14T20:00:00,,11817.32828781003,products,BTC-USD,2017-08-29T00:00:00,2018-05-21T00:00:00,86400
218,5819.13,5624.87,5839.8,5567.86,2017-10-13T20:00:00,2017-10-13T20:00:00,,8999.203675939258,products,BTC-USD,2017-08-29T00:00:00,2018-05-21T00:00:00,86400
219,5624.8,5440.0,5867.0,5390.0,2017-10-12T20:00:00,2017-10-12T20:00:00,,26595.762252945915,products,BTC-USD,2017-08-29T00:00:00,2018-05-21T00:00:00,86400
220,5440.0,4814.99,5440.92,4809.59,2017-10-11T20:00:00,2017-10-11T20:00:00,,20097.688455108393,products,BTC-USD,2017-08-29T00:00:00,2018-05-21T00:00:00,86400
221,4814.99,4750.0,4869.97,4720.21,2017-10-10T20:00:00,2017-10-10T20:00:00,,7238.878761790592,products,BTC-USD,2017-08-29T00:00:00,2018-05-21T00:00:00,86400
222,4750.0,4769.55,4925.65,4701.53,2017-10-09T20:00:00,2017-10-09T20:00:00,,13709.64306252044,products,BTC-USD,2017-08-29T00:00:00,2018-05-21T00:00:00,86400
223,4769.55,4603.5,4875.39,4561.0,2017-10-08T20:00:00,2017-10-08T20:00:00,,14273.823428820879,products,BTC-USD,2017-08-29T00:00:00,2018-05-21T00:00:00,86400
224,4603.49,4425.0,4612.0,4420.01,2017-10-07T20:00:00,2017-10-07T20:00:00,,7158.2002795596245,products,BTC-USD,2017-08-29T00:00:00,2018-05-21T00:00:00,86400
225,4425.0,4363.0,4449.42,4320.0,2017-10-06T20:00:00,2017-10-06T20:00:00,,4178.250892880037,products,BTC-USD,2017-08-29T00:00:00,2018-05-21T00:00:00,86400
226,4362.99,4320.02,4407.0,4299.99,2017-10-05T20:00:00,2017-10-05T20:00:00,,6441.725603631233,products,BTC-USD,2017-08-29T00:00:00,2018-05-21T00:00:00,86400
227,4320.04,4214.84,4365.21,4150.01,2017-10-04T20:00:00,2017-10-04T20:00:00,,6482.327784391126,products,BTC-USD,2017-08-29T00:00:00,2018-05-21T00:00:00,86400
228,4214.84,4307.99,4344.0,4175.3,2017-10-03T20:00:00,2017-10-03T20:00:00,,6555.27096872063,products,BTC-USD,2017-08-29T00:00:00,2018-05-21T00:00:00,86400
229,4307.99,4392.71,4419.95,4240.0,2017-10-02T20:00:00,2017-10-02T20:00:00,,10606.106219449115,products,BTC-USD,2017-08-29T00:00:00,2018-05-21T00:00:00,86400
230,4392.71,4394.81,4470.0,4354.23,2017-10-01T20:00:00,2017-10-01T20:00:00,,8647.527991940035,products,BTC-USD,2017-08-29T00:00:00,2018-05-21T00:00:00,86400
231,4394.81,4339.01,4396.99,4256.92,2017-09-30T20:00:00,2017-09-30T20:00:00,,5366.91196997041,products,BTC-USD,2017-08-29T00:00:00,2018-05-21T00:00:00,86400
232,4339.0,4156.99,4356.28,4143.52,2017-09-29T20:00:00,2017-09-29T20:00:00,,6235.078456040739,products,BTC-USD,2017-08-29T00:00:00,2018-05-21T00:00:00,86400
233,4156.99,4189.42,4212.99,4015.17,2017-09-28T20:00:00,2017-09-28T20:00:00,,10360.833880710597,products,BTC-USD,2017-08-29T00:00:00,2018-05-21T00:00:00,86400
234,4189.42,4200.0,4269.95,4122.0,2017-09-27T20:00:00,2017-09-27T20:00:00,,7897.176890541436,products,BTC-USD,2017-08-29T00:00:00,2018-05-21T00:00:00,86400
235,4200.0,3885.09,4228.39,3880.36,2017-09-26T20:00:00,2017-09-26T20:00:00,,12072.668695739932,products,BTC-USD,2017-08-29T00:00:00,2018-05-21T00:00:00,86400
236,3885.09,3919.98,3960.0,3854.29,2017-09-25T20:00:00,2017-09-25T20:00:00,,5893.223538331437,products,BTC-USD,2017-08-29T00:00:00,2018-05-21T00:00:00,86400
237,3919.78,3669.01,3969.37,3669.01,2017-09-24T20:00:00,2017-09-24T20:00:00,,9583.737589110617,products,BTC-USD,2017-08-29T00:00:00,2018-05-21T00:00:00,86400
238,3669.01,3787.33,3789.36,3630.01,2017-09-23T20:00:00,2017-09-23T20:00:00,,4692.790902440512,products,BTC-USD,2017-08-29T00:00:00,2018-05-21T00:00:00,86400
239,3787.33,3619.01,3818.89,3580.0,2017-09-22T20:00:00,2017-09-22T20:00:00,,6595.93530667121,products,BTC-USD,2017-08-29T00:00:00,2018-05-21T00:00:00,86400
240,3619.01,3617.47,3767.77,3509.79,2017-09-21T20:00:00,2017-09-21T20:00:00,,12648.821300760372,products,BTC-USD,2017-08-29T00:00:00,2018-05-21T00:00:00,86400
241,3617.47,3872.07,3903.57,3571.0,2017-09-20T20:00:00,2017-09-20T20:00:00,,14978.485426011079,products,BTC-USD,2017-08-29T00:00:00,2018-05-21T00:00:00,86400
242,3872.06,3910.11,4044.0,3850.01,2017-09-19T20:00:00,2017-09-19T20:00:00,,9910.401114290831,products,BTC-USD,2017-08-29T00:00:00,2018-05-21T00:00:00,86400
243,3910.11,4100.0,4125.22,3850.44,2017-09-18T20:00:00,2017-09-18T20:00:00,,13781.155386420902,products,BTC-USD,2017-08-29T00:00:00,2018-05-21T00:00:00,86400
244,4100.0,3719.98,4130.0,3717.56,2017-09-17T20:00:00,2017-09-17T20:00:00,,16906.72338998044,products,BTC-USD,2017-08-29T00:00:00,2018-05-21T00:00:00,86400
245,3719.97,3726.51,3841.0,3475.64,2017-09-16T20:00:00,2017-09-16T20:00:00,,11718.880201670529,products,BTC-USD,2017-08-29T00:00:00,2018-05-21T00:00:00,86400
246,3726.51,3740.02,4042.98,3600.0,2017-09-15T20:00:00,2017-09-15T20:00:00,,19031.675972170164,products,BTC-USD,2017-08-29T00:00:00,2018-05-21T00:00:00,86400
247,3740.02,3249.99,3894.48,2975.01,2017-09-14T20:00:00,2017-09-14T20:00:00,,54488.48241947654,products,BTC-USD,2017-08-29T00:00:00,2018-05-21T00:00:00,86400
248,3250.4,3855.61,3923.0,3230.05,2017-09-13T20:00:00,2017-09-13T20:00:00,,36338.02724747856,products,BTC-USD,2017-08-29T00:00:00,2018-05-21T00:00:00,86400
249,3855.32,4164.52,4174.53,3726.0,2017-09-12T20:00:00,2017-09-12T20:00:00,,22842.532255519134,products,BTC-USD,2017-08-29T00:00:00,2018-05-21T00:00:00,86400
250,4164.52,4210.72,4375.37,4080.0,2017-09-11T20:00:00,2017-09-11T20:00:00,,12373.398577700957,products,BTC-USD,2017-08-29T00:00:00,2018-05-21T00:00:00,86400
251,4210.72,4251.36,4365.0,4111.14,2017-09-10T20:00:00,2017-09-10T20:00:00,,9068.25507562058,products,BTC-USD,2017-08-29T00:00:00,2018-05-21T00:00:00,86400
252,4251.36,4334.36,4349.99,4139.0,2017-09-09T20:00:00,2017-09-09T20:00:00,,10076.128786740926,products,BTC-USD,2017-08-29T00:00:00,2018-05-21T00:00:00,86400
253,4334.36,4350.0,4449.95,4180.0,2017-09-08T20:00:00,2017-09-08T20:00:00,,10073.895586670485,products,BTC-USD,2017-08-29T00:00:00,2018-05-21T00:00:00,86400
254,4350.0,4624.18,4679.99,4140.0,2017-09-07T20:00:00,2017-09-07T20:00:00,,22102.279125389985,products,BTC-USD,2017-08-29T00:00:00,2018-05-21T00:00:00,86400
255,4624.18,4616.18,4665.44,4475.01,2017-09-06T20:00:00,2017-09-06T20:00:00,,8455.041479830803,products,BTC-USD,2017-08-29T00:00:00,2018-05-21T00:00:00,86400
256,4616.18,4432.51,4692.0,4431.0,2017-09-05T20:00:00,2017-09-05T20:00:00,,16174.304331052053,products,BTC-USD,2017-08-29T00:00:00,2018-05-21T00:00:00,86400
257,4432.51,4498.46,4514.95,4242.38,2017-09-04T20:00:00,2017-09-04T20:00:00,,17315.43019201125,products,BTC-USD,2017-08-29T00:00:00,2018-05-21T00:00:00,86400
258,4498.25,4626.05,4628.05,4234.16,2017-09-03T20:00:00,2017-09-03T20:00:00,,20518.884482849156,products,BTC-USD,2017-08-29T00:00:00,2018-05-21T00:00:00,86400
259,4626.05,4642.39,4749.99,4524.0,2017-09-02T20:00:00,2017-09-02T20:00:00,,11568.858765381017,products,BTC-USD,2017-08-29T00:00:00,2018-05-21T00:00:00,86400
260,4649.99,4948.0,4980.0,4500.0,2017-09-01T20:00:00,2017-09-01T20:00:00,,19577.188745488864,products,BTC-USD,2017-08-29T00:00:00,2018-05-21T00:00:00,86400
261,4947.99,4743.94,4948.0,4706.0,2017-08-31T20:00:00,2017-08-31T20:00:00,,16759.143608380273,products,BTC-USD,2017-08-29T00:00:00,2018-05-21T00:00:00,86400
262,4743.94,4581.98,4769.03,4580.84,2017-08-30T20:00:00,2017-08-30T20:00:00,,13628.457778110656,products,BTC-USD,2017-08-29T00:00:00,2018-05-21T00:00:00,86400
263,4581.98,4599.01,4635.21,4500.55,2017-08-29T20:00:00,2017-08-29T20:00:00,,10383.434304599765,products,BTC-USD,2017-08-29T00:00:00,2018-05-21T00:00:00,86400
264,4599.0,4384.99,4656.83,4350.0,2017-08-28T20:00:00,2017-08-28T20:00:00,,14509.958123792154,products,BTC-USD,2017-08-29T00:00:00,2018-05-21T00:00:00,86400
