,price_close,price_high,price_low,price_open,time_close,time_open,time_period_end,time_period_start,trades_count,volume_traded,request_type,symbol_id,period_id,time_start,limit
0,4591.38,4705.07,4431.65,4431.66,2017-08-29T23:59:59.2300000Z,2017-08-29T13:21:40.6990000Z,2017-08-30T00:00:00.0000000Z,2017-08-29T00:00:00.0000000Z,8315,6005.45450836,ohlcv,GEMINI_SPOT_BTC_USD,1DAY,2017-08-29T00:00:00,100000
1,4583.85,4641.43,4495.05,4590.0,2017-08-30T23:59:10.1240000Z,2017-08-30T00:00:00.8210000Z,2017-08-31T00:00:00.0000000Z,2017-08-30T00:00:00.0000000Z,14313,8832.814987075,ohlcv,GEMINI_SPOT_BTC_USD,1DAY,2017-08-29T00:00:00,100000
2,4736.28,4762.76,4579.91,4583.0,2017-08-31T23:59:57.7490000Z,2017-08-31T00:00:12.3180000Z,2017-09-01T00:00:00.0000000Z,2017-08-31T00:00:00.0000000Z,11407,7268.196353119,ohlcv,GEMINI_SPOT_BTC_USD,1DAY,2017-08-29T00:00:00,100000
3,4924.0,4924.0,4709.28,4736.28,2017-09-01T23:59:37.9730000Z,2017-09-01T00:00:11.4080000Z,2017-09-02T00:00:00.0000000Z,2017-09-01T00:00:00.0000000Z,11470,8188.879243906,ohlcv,GEMINI_SPOT_BTC_USD,1DAY,2017-08-29T00:00:00,100000
4,4642.85,4985.0,4505.0,4924.0,2017-09-02T23:59:51.6230000Z,2017-09-02T00:00:17.9900000Z,2017-09-03T00:00:00.0000000Z,2017-09-02T00:00:00.0000000Z,20976,13402.051240749,ohlcv,GEMINI_SPOT_BTC_USD,1DAY,2017-08-29T00:00:00,100000
5,4607.47,4740.41,4460.05,4643.63,2017-09-03T23:57:28.9910000Z,2017-09-03T00:00:00.0920000Z,2017-09-04T00:00:00.0000000Z,2017-09-03T00:00:00.0000000Z,12831,9479.341778239,ohlcv,GEMINI_SPOT_BTC_USD,1DAY,2017-08-29T00:00:00,100000
6,4278.86,4614.36,4100.0,4609.95,2017-09-04T23:59:41.3290000Z,2017-09-04T00:00:09.6480000Z,2017-09-05T00:00:00.0000000Z,2017-09-04T00:00:00.0000000Z,19466,13598.71636883,ohlcv,GEMINI_SPOT_BTC_USD,1DAY,2017-08-29T00:00:00,100000
7,4393.0,4494.6,4012.02,4278.86,2017-09-05T23:59:59.5160000Z,2017-09-05T00:00:02.2920000Z,2017-09-06T00:00:00.0000000Z,2017-09-05T00:00:00.0000000Z,20973,13723.843734292,ohlcv,GEMINI_SPOT_BTC_USD,1DAY,2017-08-29T00:00:00,100000
8,4609.17,4645.0,4380.78,4393.0,2017-09-06T23:59:36.3190000Z,2017-09-06T00:00:00.0920000Z,2017-09-07T00:00:00.0000000Z,2017-09-06T00:00:00.0000000Z,15903,9784.306909642,ohlcv,GEMINI_SPOT_BTC_USD,1DAY,2017-08-29T00:00:00,100000
9,4623.19,4665.23,4484.68,4609.18,2017-09-07T23:59:58.1900000Z,2017-09-07T00:00:02.7120000Z,2017-09-08T00:00:00.0000000Z,2017-09-07T00:00:00.0000000Z,11474,5869.662031278,ohlcv,GEMINI_SPOT_BTC_USD,1DAY,2017-08-29T00:00:00,100000
10,4346.24,4669.98,4090.3,4623.19,2017-09-08T23:59:57.9150000Z,2017-09-08T00:00:02.9210000Z,2017-09-09T00:00:00.0000000Z,2017-09-08T00:00:00.0000000Z,20853,12988.928955251,ohlcv,GEMINI_SPOT_BTC_USD,1DAY,2017-08-29T00:00:00,100000
11,4325.17,4405.0,4182.16,4346.15,2017-09-09T23:59:49.3540000Z,2017-09-09T00:00:00.4780000Z,2017-09-10T00:00:00.0000000Z,2017-09-09T00:00:00.0000000Z,14144,5876.095888854,ohlcv,GEMINI_SPOT_BTC_USD,1DAY,2017-08-29T00:00:00,100000
12,4243.48,4329.97,4083.55,4325.17,2017-09-10T23:59:47.6110000Z,2017-09-10T00:00:02.4130000Z,2017-09-11T00:00:00.0000000Z,2017-09-10T00:00:00.0000000Z,13369,7037.02162099,ohlcv,GEMINI_SPOT_BTC_USD,1DAY,2017-08-29T00:00:00,100000
13,4209.69,4370.28,4110.48,4243.48,2017-09-11T23:59:47.4720000Z,2017-09-11T00:00:02.1410000Z,2017-09-12T00:00:00.0000000Z,2017-09-11T00:00:00.0000000Z,12765,9567.659962345,ohlcv,GEMINI_SPOT_BTC_USD,1DAY,2017-08-29T00:00:00,100000
14,4155.55,4372.05,4070.01,4213.25,2017-09-12T23:59:57.7750000Z,2017-09-12T00:00:02.3500000Z,2017-09-13T00:00:00.0000000Z,2017-09-12T00:00:00.0000000Z,13132,7471.425999302,ohlcv,GEMINI_SPOT_BTC_USD,1DAY,2017-08-29T00:00:00,100000
15,3855.01,4173.78,3743.75,4155.56,2017-09-13T23:59:59.2410000Z,2017-09-13T00:00:02.2950000Z,2017-09-14T00:00:00.0000000Z,2017-09-13T00:00:00.0000000Z,21999,16066.943485826,ohlcv,GEMINI_SPOT_BTC_USD,1DAY,2017-08-29T00:00:00,100000
16,3242.63,3920.2,3219.89,3855.01,2017-09-14T23:59:46.1370000Z,2017-09-14T00:00:02.6030000Z,2017-09-15T00:00:00.0000000Z,2017-09-14T00:00:00.0000000Z,30919,24132.819879648,ohlcv,GEMINI_SPOT_BTC_USD,1DAY,2017-08-29T00:00:00,100000
17,3709.85,3839.19,2955.01,3241.32,2017-09-15T23:39:13.3220000Z,2017-09-15T00:00:02.6120000Z,2017-09-16T00:00:00.0000000Z,2017-09-15T00:00:00.0000000Z,40267,35245.519911456,ohlcv,GEMINI_SPOT_BTC_USD,1DAY,2017-08-29T00:00:00,100000
18,3715.38,3854.7,3580.01,3709.86,2017-09-16T23:59:48.8130000Z,2017-09-16T07:14:15.8550000Z,2017-09-17T00:00:00.0000000Z,2017-09-16T00:00:00.0000000Z,7930,5582.543852452,ohlcv,GEMINI_SPOT_BTC_USD,1DAY,2017-08-29T00:00:00,100000
19,3716.46,3825.54,3505.94,3715.18,2017-09-17T23:59:52.1920000Z,2017-09-17T00:00:02.3750000Z,2017-09-18T00:00:00.0000000Z,2017-09-17T00:00:00.0000000Z,6933,3844.543701983,ohlcv,GEMINI_SPOT_BTC_USD,1DAY,2017-08-29T00:00:00,100000
20,4098.03,4115.93,3716.45,3716.46,2017-09-18T23:59:53.2890000Z,2017-09-18T00:00:02.0740000Z,2017-09-19T00:00:00.0000000Z,2017-09-18T00:00:00.0000000Z,17956,9079.128779766,ohlcv,GEMINI_SPOT_BTC_USD,1DAY,2017-08-29T00:00:00,100000
21,3903.4,4117.03,3850.0,4098.94,2017-09-19T23:59:58.3060000Z,2017-09-19T00:00:02.7670000Z,2017-09-20T00:00:00.0000000Z,2017-09-19T00:00:00.0000000Z,16365,8446.704539187,ohlcv,GEMINI_SPOT_BTC_USD,1DAY,2017-08-29T00:00:00,100000
22,3866.0,4034.99,3828.93,3903.4,2017-09-20T23:59:56.0490000Z,2017-09-20T00:00:02.6360000Z,2017-09-21T00:00:00.0000000Z,2017-09-20T00:00:00.0000000Z,11205,5998.980004571,ohlcv,GEMINI_SPOT_BTC_USD,1DAY,2017-08-29T00:00:00,100000
23,3616.74,3899.86,3573.0,3866.0,2017-09-21T23:57:51.2090000Z,2017-09-21T00:00:00.5380000Z,2017-09-22T00:00:00.0000000Z,2017-09-21T00:00:00.0000000Z,17530,9532.488950241,ohlcv,GEMINI_SPOT_BTC_USD,1DAY,2017-08-29T00:00:00,100000
24,3620.96,3758.12,3510.84,3616.74,2017-09-22T23:49:49.7790000Z,2017-09-22T00:00:02.6020000Z,2017-09-23T00:00:00.0000000Z,2017-09-22T00:00:00.0000000Z,10070,5383.18046527,ohlcv,GEMINI_SPOT_BTC_USD,1DAY,2017-08-29T00:00:00,100000
25,3783.6,3812.86,3562.8,3620.95,2017-09-23T23:59:38.8950000Z,2017-09-23T01:13:33.3240000Z,2017-09-24T00:00:00.0000000Z,2017-09-23T00:00:00.0000000Z,7458,3001.784250595,ohlcv,GEMINI_SPOT_BTC_USD,1DAY,2017-08-29T00:00:00,100000
26,3667.99,3783.61,3619.76,3783.61,2017-09-24T23:57:25.9760000Z,2017-09-24T00:00:02.1880000Z,2017-09-25T00:00:00.0000000Z,2017-09-24T00:00:00.0000000Z,5205,1946.687962137,ohlcv,GEMINI_SPOT_BTC_USD,1DAY,2017-08-29T00:00:00,100000
27,3916.48,3956.86,3665.98,3668.0,2017-09-25T23:59:48.3850000Z,2017-09-25T00:00:02.1300000Z,2017-09-26T00:00:00.0000000Z,2017-09-25T00:00:00.0000000Z,8882,6097.128278369,ohlcv,GEMINI_SPOT_BTC_USD,1DAY,2017-08-29T00:00:00,100000
28,3885.14,3958.06,3852.61,3916.48,2017-09-26T23:59:49.1390000Z,2017-09-26T00:00:03.0250000Z,2017-09-27T00:00:00.0000000Z,2017-09-26T00:00:00.0000000Z,6346,4510.603090483,ohlcv,GEMINI_SPOT_BTC_USD,1DAY,2017-08-29T00:00:00,100000
29,4204.51,4225.0,3876.01,3885.15,2017-09-27T23:59:11.0650000Z,2017-09-27T00:00:02.1810000Z,2017-09-28T00:00:00.0000000Z,2017-09-27T00:00:00.0000000Z,11081,8435.340922224,ohlcv,GEMINI_SPOT_BTC_USD,1DAY,2017-08-29T00:00:00,100000
30,4188.0,4281.6,3336.67,4204.51,2017-09-28T23:59:24.8320000Z,2017-09-28T00:00:02.8560000Z,2017-09-29T00:00:00.0000000Z,2017-09-28T00:00:00.0000000Z,10089,7348.109135782,ohlcv,GEMINI_SPOT_BTC_USD,1DAY,2017-08-29T00:00:00,100000
31,4182.89,4209.85,4020.0,4187.88,2017-09-29T23:19:20.3850000Z,2017-09-29T00:00:03.2390000Z,2017-09-30T00:00:00.0000000Z,2017-09-29T00:00:00.0000000Z,9098,5869.265915702,ohlcv,GEMINI_SPOT_BTC_USD,1DAY,2017-08-29T00:00:00,100000
32,4327.63,4339.99,4182.9,4182.9,2017-09-30T23:58:19.5500000Z,2017-09-30T04:37:54.3560000Z,2017-10-01T00:00:00.0000000Z,2017-09-30T00:00:00.0000000Z,4786,2961.037416033,ohlcv,GEMINI_SPOT_BTC_USD,1DAY,2017-08-29T00:00:00,100000
33,4388.74,4399.0,4250.0,4330.0,2017-10-01T23:59:59.3580000Z,2017-10-01T00:00:02.2590000Z,2017-10-02T00:00:00.0000000Z,2017-10-01T00:00:00.0000000Z,5562,2628.249601076,ohlcv,GEMINI_SPOT_BTC_USD,1DAY,2017-08-29T00:00:00,100000
34,4385.7,4457.01,4361.0,4388.75,2017-10-02T23:59:37.3470000Z,2017-10-02T00:00:02.6350000Z,2017-10-03T00:00:00.0000000Z,2017-10-02T00:00:00.0000000Z,8110,5545.025115475,ohlcv,GEMINI_SPOT_BTC_USD,1DAY,2017-08-29T00:00:00,100000
35,4300.0,4417.98,4104.51,4385.7,2017-10-03T23:59:59.4730000Z,2017-10-03T00:00:02.8940000Z,2017-10-04T00:00:00.0000000Z,2017-10-03T00:00:00.0000000Z,7970,4823.125007409,ohlcv,GEMINI_SPOT_BTC_USD,1DAY,2017-08-29T00:00:00,100000
36,4214.25,4339.98,4175.0,4299.99,2017-10-04T23:59:51.7130000Z,2017-10-04T00:00:00.1540000Z,2017-10-05T00:00:00.0000000Z,2017-10-04T00:00:00.0000000Z,6926,4467.679413879,ohlcv,GEMINI_SPOT_BTC_USD,1DAY,2017-08-29T00:00:00,100000
37,4318.57,4360.38,4145.0,4214.24,2017-10-05T23:58:21.8060000Z,2017-10-05T00:00:00.0900000Z,2017-10-06T00:00:00.0000000Z,2017-10-05T00:00:00.0000000Z,6169,4016.564184397,ohlcv,GEMINI_SPOT_BTC_USD,1DAY,2017-08-29T00:00:00,100000
38,4362.42,4410.26,4300.0,4318.58,2017-10-06T23:34:38.4680000Z,2017-10-06T00:00:02.1220000Z,2017-10-07T00:00:00.0000000Z,2017-10-06T00:00:00.0000000Z,5502,5052.039312188,ohlcv,GEMINI_SPOT_BTC_USD,1DAY,2017-08-29T00:00:00,100000
39,4425.01,4448.0,4320.01,4362.41,2017-10-07T23:59:58.7370000Z,2017-10-07T01:16:38.2540000Z,2017-10-08T00:00:00.0000000Z,2017-10-07T00:00:00.0000000Z,3300,1635.289669293,ohlcv,GEMINI_SPOT_BTC_USD,1DAY,2017-08-29T00:00:00,100000
40,4602.5,4609.0,4412.42,4425.01,2017-10-08T23:59:00.8330000Z,2017-10-08T00:00:01.7370000Z,2017-10-09T00:00:00.0000000Z,2017-10-08T00:00:00.0000000Z,7135,3143.266564845,ohlcv,GEMINI_SPOT_BTC_USD,1DAY,2017-08-29T00:00:00,100000
41,4751.08,4875.0,4550.0,4602.51,2017-10-09T23:59:41.0280000Z,2017-10-09T00:00:00.1360000Z,2017-10-10T00:00:00.0000000Z,2017-10-09T00:00:00.0000000Z,12023,7325.485496319,ohlcv,GEMINI_SPOT_BTC_USD,1DAY,2017-08-29T00:00:00,100000
42,4756.22,4919.01,4712.11,4751.53,2017-10-10T23:59:47.4760000Z,2017-10-10T00:00:00.1550000Z,2017-10-11T00:00:00.0000000Z,2017-10-10T00:00:00.0000000Z,8215,3933.023734264,ohlcv,GEMINI_SPOT_BTC_USD,1DAY,2017-08-29T00:00:00,100000
43,4812.97,4864.67,4720.0,4756.22,2017-10-11T23:59:56.7230000Z,2017-10-11T00:00:08.6550000Z,2017-10-12T00:00:00.0000000Z,2017-10-11T00:00:00.0000000Z,8694,6888.058056869,ohlcv,GEMINI_SPOT_BTC_USD,1DAY,2017-08-29T00:00:00,100000
44,5437.68,5437.69,4811.06,4813.82,2017-10-12T23:59:39.7180000Z,2017-10-12T00:00:07.4010000Z,2017-10-13T00:00:00.0000000Z,2017-10-12T00:00:00.0000000Z,21464,10834.082975891,ohlcv,GEMINI_SPOT_BTC_USD,1DAY,2017-08-29T00:00:00,100000
45,5636.28,5869.89,5390.93,5437.68,2017-10-13T23:59:54.1740000Z,2017-10-13T00:00:00.0800000Z,2017-10-14T00:00:00.0000000Z,2017-10-13T00:00:00.0000000Z,24893,13190.909726255,ohlcv,GEMINI_SPOT_BTC_USD,1DAY,2017-08-29T00:00:00,100000
46,5799.99,5800.0,5555.89,5636.27,2017-10-14T23:59:59.3190000Z,2017-10-14T00:00:00.0830000Z,2017-10-15T00:00:00.0000000Z,2017-10-14T00:00:00.0000000Z,12574,3331.109351021,ohlcv,GEMINI_SPOT_BTC_USD,1DAY,2017-08-29T00:00:00,100000
47,5694.61,5833.72,5450.0,5799.99,2017-10-15T23:59:54.9260000Z,2017-10-15T00:00:00.0830000Z,2017-10-16T00:00:00.0000000Z,2017-10-15T00:00:00.0000000Z,15836,6379.663038516,ohlcv,GEMINI_SPOT_BTC_USD,1DAY,2017-08-29T00:00:00,100000
48,5746.88,5778.35,5575.0,5694.61,2017-10-16T23:59:42.0090000Z,2017-10-16T00:00:23.6630000Z,2017-10-17T00:00:00.0000000Z,2017-10-16T00:00:00.0000000Z,11593,4508.132506902,ohlcv,GEMINI_SPOT_BTC_USD,1DAY,2017-08-29T00:00:00,100000
49,5592.26,5769.99,5513.45,5750.99,2017-10-17T23:59:50.0330000Z,2017-10-17T00:00:19.4940000Z,2017-10-18T00:00:00.0000000Z,2017-10-17T00:00:00.0000000Z,14595,4969.35771809,ohlcv,GEMINI_SPOT_BTC_USD,1DAY,2017-08-29T00:00:00,100000
50,5569.33,5604.05,5082.24,5592.26,2017-10-18T23:59:59.3360000Z,2017-10-18T00:00:16.9810000Z,2017-10-19T00:00:00.0000000Z,2017-10-18T00:00:00.0000000Z,21491,9040.911366358,ohlcv,GEMINI_SPOT_BTC_USD,1DAY,2017-08-29T00:00:00,100000
51,5695.01,5745.03,5512.9,5569.33,2017-10-19T23:59:46.8770000Z,2017-10-19T00:00:28.0210000Z,2017-10-20T00:00:00.0000000Z,2017-10-19T00:00:00.0000000Z,14344,6288.270792892,ohlcv,GEMINI_SPOT_BTC_USD,1DAY,2017-08-29T00:00:00,100000
52,5984.03,6050.0,5615.0,5695.01,2017-10-20T23:59:44.4090000Z,2017-10-20T00:00:27.4770000Z,2017-10-21T00:00:00.0000000Z,2017-10-20T00:00:00.0000000Z,15419,10612.799350679,ohlcv,GEMINI_SPOT_BTC_USD,1DAY,2017-08-29T00:00:00,100000
53,6012.58,6178.5,5900.01,5984.03,2017-10-21T23:59:48.4570000Z,2017-10-21T00:00:14.4070000Z,2017-10-22T00:00:00.0000000Z,2017-10-21T00:00:00.0000000Z,15071,5674.140903941,ohlcv,GEMINI_SPOT_BTC_USD,1DAY,2017-08-29T00:00:00,100000
54,5974.97,6069.67,5750.0,6012.58,2017-10-22T23:59:49.1890000Z,2017-10-22T00:00:00.1380000Z,2017-10-23T00:00:00.0000000Z,2017-10-22T00:00:00.0000000Z,12971,4667.998552487,ohlcv,GEMINI_SPOT_BTC_USD,1DAY,2017-08-29T00:00:00,100000
55,5899.6,6060.28,5625.31,5974.96,2017-10-23T23:59:46.2000000Z,2017-10-23T00:00:00.0450000Z,2017-10-24T00:00:00.0000000Z,2017-10-23T00:00:00.0000000Z,19368,8697.722162337,ohlcv,GEMINI_SPOT_BTC_USD,1DAY,2017-08-29T00:00:00,100000
56,5517.21,5903.0,5464.0,5901.8,2017-10-24T23:59:35.7710000Z,2017-10-24T00:00:00.1070000Z,2017-10-25T00:00:00.0000000Z,2017-10-24T00:00:00.0000000Z,20646,8448.153824373,ohlcv,GEMINI_SPOT_BTC_USD,1DAY,2017-08-29T00:00:00,100000
57,5741.66,5750.97,5375.0,5517.2,2017-10-25T23:59:54.4100000Z,2017-10-25T00:00:52.4790000Z,2017-10-26T00:00:00.0000000Z,2017-10-25T00:00:00.0000000Z,21704,6808.081232319,ohlcv,GEMINI_SPOT_BTC_USD,1DAY,2017-08-29T00:00:00,100000
58,5889.42,5974.97,5692.0,5741.66,2017-10-26T23:59:59.0900000Z,2017-10-26T00:00:00.1170000Z,2017-10-27T00:00:00.0000000Z,2017-10-26T00:00:00.0000000Z,13937,4897.937927849,ohlcv,GEMINI_SPOT_BTC_USD,1DAY,2017-08-29T00:00:00,100000
59,5765.32,5992.01,5703.08,5889.42,2017-10-27T23:59:02.1290000Z,2017-10-27T00:00:31.5880000Z,2017-10-28T00:00:00.0000000Z,2017-10-27T00:00:00.0000000Z,11302,4932.447343725,ohlcv,GEMINI_SPOT_BTC_USD,1DAY,2017-08-29T00:00:00,100000
60,5730.01,5884.97,5660.79,5765.32,2017-10-28T23:59:24.5030000Z,2017-10-28T00:00:24.3070000Z,2017-10-29T00:00:00.0000000Z,2017-10-28T00:00:00.0000000Z,9256,2537.295718493,ohlcv,GEMINI_SPOT_BTC_USD,1DAY,2017-08-29T00:00:00,100000
61,6132.76,6290.94,5699.33,5730.0,2017-10-29T23:59:59.4170000Z,2017-10-29T00:00:01.0740000Z,2017-10-30T00:00:00.0000000Z,2017-10-29T00:00:00.0000000Z,11310,4861.262153694,ohlcv,GEMINI_SPOT_BTC_USD,1DAY,2017-08-29T00:00:00,100000
62,6124.69,6204.6,6025.25,6132.52,2017-10-30T23:59:52.5480000Z,2017-10-30T00:00:11.9370000Z,2017-10-31T00:00:00.0000000Z,2017-10-30T00:00:00.0000000Z,11480,4275.142212089,ohlcv,GEMINI_SPOT_BTC_USD,1DAY,2017-08-29T00:00:00,100000
63,6448.36,6467.32,6097.8,6124.69,2017-10-31T23:59:49.5370000Z,2017-10-31T00:00:07.4680000Z,2017-11-01T00:00:00.0000000Z,2017-10-31T00:00:00.0000000Z,17150,5757.688578944,ohlcv,GEMINI_SPOT_BTC_USD,1DAY,2017-08-29T00:00:00,100000
64,6741.02,6750.0,6365.0,6448.35,2017-11-01T23:59:44.7310000Z,2017-11-01T00:00:00.0770000Z,2017-11-02T00:00:00.0000000Z,2017-11-01T00:00:00.0000000Z,22726,7818.824321222,ohlcv,GEMINI_SPOT_BTC_USD,1DAY,2017-08-29T00:00:00,100000
65,7037.48,7336.0,6730.0,6741.02,2017-11-02T23:59:01.7790000Z,2017-11-02T00:00:00.0640000Z,2017-11-03T00:00:00.0000000Z,2017-11-02T00:00:00.0000000Z,34614,14048.912086977,ohlcv,GEMINI_SPOT_BTC_USD,1DAY,2017-08-29T00:00:00,100000
66,7177.27,7448.78,6952.59,7037.47,2017-11-03T23:59:59.8510000Z,2017-11-03T00:00:00.1190000Z,2017-11-04T00:00:00.0000000Z,2017-11-03T00:00:00.0000000Z,21058,7271.25282667,ohlcv,GEMINI_SPOT_BTC_USD,1DAY,2017-08-29T00:00:00,100000
67,7371.55,7511.34,7099.01,7177.28,2017-11-04T23:59:25.3440000Z,2017-11-04T00:00:00.1040000Z,2017-11-05T00:00:00.0000000Z,2017-11-04T00:00:00.0000000Z,8668,3122.556880365,ohlcv,GEMINI_SPOT_BTC_USD,1DAY,2017-08-29T00:00:00,100000
68,7394.44,7589.79,7300.0,7374.45,2017-11-05T23:59:55.1270000Z,2017-11-05T00:00:00.7930000Z,2017-11-06T00:00:00.0000000Z,2017-11-05T00:00:00.0000000Z,11424,4365.386220779,ohlcv,GEMINI_SPOT_BTC_USD,1DAY,2017-08-29T00:00:00,100000
69,6975.01,7410.0,6947.63,7379.18,2017-11-06T23:59:51.7800000Z,2017-11-06T00:00:00.1000000Z,2017-11-07T00:00:00.0000000Z,2017-11-06T00:00:00.0000000Z,16870,6514.92925926,ohlcv,GEMINI_SPOT_BTC_USD,1DAY,2017-08-29T00:00:00,100000
70,7109.7,7234.68,6975.0,6975.0,2017-11-07T23:59:58.8930000Z,2017-11-07T00:00:00.0970000Z,2017-11-08T00:00:00.0000000Z,2017-11-07T00:00:00.0000000Z,14398,4904.175146355,ohlcv,GEMINI_SPOT_BTC_USD,1DAY,2017-08-29T00:00:00,100000
71,7465.53,7927.45,7050.11,7109.7,2017-11-08T23:59:55.4620000Z,2017-11-08T00:00:00.0720000Z,2017-11-09T00:00:00.0000000Z,2017-11-08T00:00:00.0000000Z,29362,12216.979830515,ohlcv,GEMINI_SPOT_BTC_USD,1DAY,2017-08-29T00:00:00,100000
72,7151.49,7478.57,7101.02,7465.52,2017-11-09T23:59:52.7690000Z,2017-11-09T00:00:00.0870000Z,2017-11-10T00:00:00.0000000Z,2017-11-09T00:00:00.0000000Z,18544,7550.687586685,ohlcv,GEMINI_SPOT_BTC_USD,1DAY,2017-08-29T00:00:00,100000
73,6584.34,7335.05,6420.0,7151.48,2017-11-10T23:59:46.6060000Z,2017-11-10T00:00:00.1040000Z,2017-11-11T00:00:00.0000000Z,2017-11-10T00:00:00.0000000Z,29069,13970.779407322,ohlcv,GEMINI_SPOT_BTC_USD,1DAY,2017-08-29T00:00:00,100000
74,6340.0,6850.0,6184.63,6585.1,2017-11-11T23:59:50.6220000Z,2017-11-11T00:00:00.0930000Z,2017-11-12T00:00:00.0000000Z,2017-11-11T00:00:00.0000000Z,23820,9270.075789244,ohlcv,GEMINI_SPOT_BTC_USD,1DAY,2017-08-29T00:00:00,100000
75,5849.37,6500.0,5450.0,6339.86,2017-11-12T23:59:54.5370000Z,2017-11-12T00:00:00.1200000Z,2017-11-13T00:00:00.0000000Z,2017-11-12T00:00:00.0000000Z,34770,19489.757328328,ohlcv,GEMINI_SPOT_BTC_USD,1DAY,2017-08-29T00:00:00,100000
76,6549.31,6804.87,5800.0,5849.36,2017-11-13T23:59:59.7830000Z,2017-11-13T00:00:00.0760000Z,2017-11-14T00:00:00.0000000Z,2017-11-13T00:00:00.0000000Z,32159,13660.643513777,ohlcv,GEMINI_SPOT_BTC_USD,1DAY,2017-08-29T00:00:00,100000
77,6606.75,6761.59,6479.93,6550.73,2017-11-14T23:59:38.4960000Z,2017-11-14T00:00:00.0860000Z,2017-11-15T00:00:00.0000000Z,2017-11-14T00:00:00.0000000Z,16748,6926.151595765,ohlcv,GEMINI_SPOT_BTC_USD,1DAY,2017-08-29T00:00:00,100000
78,7292.65,7367.94,6607.99,6607.99,2017-11-15T23:59:59.7110000Z,2017-11-15T00:00:00.1020000Z,2017-11-16T00:00:00.0000000Z,2017-11-15T00:00:00.0000000Z,25605,8905.575991424,ohlcv,GEMINI_SPOT_BTC_USD,1DAY,2017-08-29T00:00:00,100000
79,7852.44,7990.0,7131.5,7283.16,2017-11-16T23:59:34.5600000Z,2017-11-16T00:00:00.0680000Z,2017-11-17T00:00:00.0000000Z,2017-11-16T00:00:00.0000000Z,25516,7495.420665081,ohlcv,GEMINI_SPOT_BTC_USD,1DAY,2017-08-29T00:00:00,100000
80,7677.17,7993.0,7550.0,7843.48,2017-11-17T23:59:52.4600000Z,2017-11-17T00:00:00.1090000Z,2017-11-18T00:00:00.0000000Z,2017-11-17T00:00:00.0000000Z,22183,6081.054109521,ohlcv,GEMINI_SPOT_BTC_USD,1DAY,2017-08-29T00:00:00,100000
81,7776.54,7862.62,7450.0,7677.1,2017-11-18T23:59:59.4830000Z,2017-11-18T00:00:00.1030000Z,2017-11-19T00:00:00.0000000Z,2017-11-18T00:00:00.0000000Z,14937,3967.525290982,ohlcv,GEMINI_SPOT_BTC_USD,1DAY,2017-08-29T00:00:00,100000
82,8046.98,8099.0,7668.06,7770.28,2017-11-19T23:59:51.7960000Z,2017-11-19T00:00:00.1300000Z,2017-11-20T00:00:00.0000000Z,2017-11-19T00:00:00.0000000Z,14673,3267.670275432,ohlcv,GEMINI_SPOT_BTC_USD,1DAY,2017-08-29T00:00:00,100000
83,8246.01,8314.95,7920.0,8046.97,2017-11-20T23:59:59.7030000Z,2017-11-20T00:00:17.9410000Z,2017-11-21T00:00:00.0000000Z,2017-11-20T00:00:00.0000000Z,19157,5975.662659055,ohlcv,GEMINI_SPOT_BTC_USD,1DAY,2017-08-29T00:00:00,100000
84,8120.36,8360.01,7790.0,8246.0,2017-11-21T23:59:55.6370000Z,2017-11-21T00:00:04.0630000Z,2017-11-22T00:00:00.0000000Z,2017-11-21T00:00:00.0000000Z,25032,7061.395217159,ohlcv,GEMINI_SPOT_BTC_USD,1DAY,2017-08-29T00:00:00,100000
85,8240.82,8304.98,8100.0,8120.35,2017-11-22T23:59:55.1470000Z,2017-11-22T00:00:00.0630000Z,2017-11-23T00:00:00.0000000Z,2017-11-22T00:00:00.0000000Z,13946,3224.393828392,ohlcv,GEMINI_SPOT_BTC_USD,1DAY,2017-08-29T00:00:00,100000
86,8010.55,8279.45,8009.88,8240.82,2017-11-23T23:59:58.1720000Z,2017-11-23T00:00:04.8370000Z,2017-11-24T00:00:00.0000000Z,2017-11-23T00:00:00.0000000Z,10008,3299.746830315,ohlcv,GEMINI_SPOT_BTC_USD,1DAY,2017-08-29T00:00:00,100000
87,8209.88,8340.02,7900.0,8009.88,2017-11-24T23:59:54.2720000Z,2017-11-24T00:00:00.1010000Z,2017-11-25T00:00:00.0000000Z,2017-11-24T00:00:00.0000000Z,16412,4728.326235493,ohlcv,GEMINI_SPOT_BTC_USD,1DAY,2017-08-29T00:00:00,100000
88,8779.62,8788.5,8152.01,8209.87,2017-11-25T23:59:59.2650000Z,2017-11-25T00:00:00.0930000Z,2017-11-26T00:00:00.0000000Z,2017-11-25T00:00:00.0000000Z,18517,5071.786696277,ohlcv,GEMINI_SPOT_BTC_USD,1DAY,2017-08-29T00:00:00,100000
89,9306.21,9475.0,8732.66,8779.35,2017-11-26T23:59:59.7880000Z,2017-11-26T00:00:00.1150000Z,2017-11-27T00:00:00.0000000Z,2017-11-26T00:00:00.0000000Z,24130,8391.671014011,ohlcv,GEMINI_SPOT_BTC_USD,1DAY,2017-08-29T00:00:00,100000
90,9763.11,9769.47,9300.0,9306.0,2017-11-27T23:59:59.5940000Z,2017-11-27T00:00:02.0870000Z,2017-11-28T00:00:00.0000000Z,2017-11-27T00:00:00.0000000Z,26157,8075.93916683,ohlcv,GEMINI_SPOT_BTC_USD,1DAY,2017-08-29T00:00:00,100000
91,9940.18,9987.0,9649.0,9763.11,2017-11-28T23:59:45.2210000Z,2017-11-28T00:00:02.5380000Z,2017-11-29T00:00:00.0000000Z,2017-11-28T00:00:00.0000000Z,32592,7791.098372757,ohlcv,GEMINI_SPOT_BTC_USD,1DAY,2017-08-29T00:00:00,100000
92,9827.29,11454.0,9500.0,9941.7,2017-11-29T23:35:38.7810000Z,2017-11-29T00:00:00.0950000Z,2017-11-30T00:00:00.0000000Z,2017-11-29T00:00:00.0000000Z,34911,17098.415663802,ohlcv,GEMINI_SPOT_BTC_USD,1DAY,2017-08-29T00:00:00,100000
93,9934.4,10900.0,8975.0,9827.29,2017-11-30T23:59:57.0320000Z,2017-11-30T00:10:17.0990000Z,2017-12-01T00:00:00.0000000Z,2017-11-30T00:00:00.0000000Z,57461,22389.578708571,ohlcv,GEMINI_SPOT_BTC_USD,1DAY,2017-08-29T00:00:00,100000
94,10910.18,10970.0,9360.01,9930.4,2017-12-01T23:59:47.9980000Z,2017-12-01T00:00:00.1020000Z,2017-12-02T00:00:00.0000000Z,2017-12-01T00:00:00.0000000Z,37433,12412.52790624,ohlcv,GEMINI_SPOT_BTC_USD,1DAY,2017-08-29T00:00:00,100000
95,10888.01,11200.0,10700.0,10910.18,2017-12-02T23:59:52.3700000Z,2017-12-02T00:00:00.0990000Z,2017-12-03T00:00:00.0000000Z,2017-12-02T00:00:00.0000000Z,30403,6311.011247951,ohlcv,GEMINI_SPOT_BTC_USD,1DAY,2017-08-29T00:00:00,100000
96,11231.21,11870.0,10500.17,10888.0,2017-12-03T23:59:57.2830000Z,2017-12-03T00:00:00.1500000Z,2017-12-04T00:00:00.0000000Z,2017-12-03T00:00:00.0000000Z,28828,8989.989237256,ohlcv,GEMINI_SPOT_BTC_USD,1DAY,2017-08-29T00:00:00,100000
97,11668.84,11681.0,10850.0,11231.21,2017-12-04T23:59:54.9080000Z,2017-12-04T00:00:00.1340000Z,2017-12-05T00:00:00.0000000Z,2017-12-04T00:00:00.0000000Z,25791,7379.768300645,ohlcv,GEMINI_SPOT_BTC_USD,1DAY,2017-08-29T00:00:00,100000
98,11711.2,11900.0,11489.92,11668.84,2017-12-05T23:59:36.8230000Z,2017-12-05T00:00:03.3010000Z,2017-12-06T00:00:00.0000000Z,2017-12-05T00:00:00.0000000Z,26661,6987.15899101,ohlcv,GEMINI_SPOT_BTC_USD,1DAY,2017-08-29T00:00:00,100000
99,13735.16,13924.98,11711.19,11711.19,2017-12-06T23:59:59.7190000Z,2017-12-06T00:00:00.1520000Z,2017-12-07T00:00:00.0000000Z,2017-12-06T00:00:00.0000000Z,43622,16989.040992902,ohlcv,GEMINI_SPOT_BTC_USD,1DAY,2017-08-29T00:00:00,100000
100,17050.0,17050.0,13400.01,13735.16,2017-12-07T23:59:57.9710000Z,2017-12-07T00:00:00.0710000Z,2017-12-08T00:00:00.0000000Z,2017-12-07T00:00:00.0000000Z,75958,24408.610259137,ohlcv,GEMINI_SPOT_BTC_USD,1DAY,2017-08-29T00:00:00,100000
101,16250.01,17712.65,14000.0,17049.99,2017-12-08T23:59:59.8510000Z,2017-12-08T00:00:00.0650000Z,2017-12-09T00:00:00.0000000Z,2017-12-08T00:00:00.0000000Z,61875,21531.79756822,ohlcv,GEMINI_SPOT_BTC_USD,1DAY,2017-08-29T00:00:00,100000
102,15041.0,16500.98,14899.99,16250.0,2017-12-09T23:59:51.0760000Z,2017-12-09T00:00:00.1670000Z,2017-12-10T00:00:00.0000000Z,2017-12-09T00:00:00.0000000Z,22562,7855.513724809,ohlcv,GEMINI_SPOT_BTC_USD,1DAY,2017-08-29T00:00:00,100000
103,15268.98,16120.0,13141.5,15041.01,2017-12-10T23:59:59.4000000Z,2017-12-10T00:00:00.1720000Z,2017-12-11T00:00:00.0000000Z,2017-12-10T00:00:00.0000000Z,73232,14307.609491002,ohlcv,GEMINI_SPOT_BTC_USD,1DAY,2017-08-29T00:00:00,100000
104,16800.19,17488.0,15253.51,15268.99,2017-12-11T23:59:56.4740000Z,2017-12-11T00:00:00.1250000Z,2017-12-12T00:00:00.0000000Z,2017-12-11T00:00:00.0000000Z,48900,10729.623322416,ohlcv,GEMINI_SPOT_BTC_USD,1DAY,2017-08-29T00:00:00,100000
105,17365.17,17613.0,16347.71,16781.56,2017-12-12T23:59:51.0660000Z,2017-12-12T00:00:00.1240000Z,2017-12-13T00:00:00.0000000Z,2017-12-12T00:00:00.0000000Z,40053,8070.798098522,ohlcv,GEMINI_SPOT_BTC_USD,1DAY,2017-08-29T00:00:00,100000
106,16460.9,17582.15,15955.39,17344.87,2017-12-13T23:59:52.0330000Z,2017-12-13T00:00:00.1310000Z,2017-12-14T00:00:00.0000000Z,2017-12-13T00:00:00.0000000Z,37732,10209.638004296,ohlcv,GEMINI_SPOT_BTC_USD,1DAY,2017-08-29T00:00:00,100000
107,16678.79,17150.0,16135.18,16460.9,2017-12-14T23:59:54.4700000Z,2017-12-14T00:00:00.1560000Z,2017-12-15T00:00:00.0000000Z,2017-12-14T00:00:00.0000000Z,34886,7680.530330988,ohlcv,GEMINI_SPOT_BTC_USD,1DAY,2017-08-29T00:00:00,100000
108,17725.45,17920.0,16655.12,16678.78,2017-12-15T23:57:50.3800000Z,2017-12-15T00:00:00.1420000Z,2017-12-16T00:00:00.0000000Z,2017-12-15T00:00:00.0000000Z,35653,6751.692686008,ohlcv,GEMINI_SPOT_BTC_USD,1DAY,2017-08-29T00:00:00,100000
109,19499.99,19739.0,17713.87,17770.0,2017-12-16T23:59:57.5970000Z,2017-12-16T00:00:56.5030000Z,2017-12-17T00:00:00.0000000Z,2017-12-16T00:00:00.0000000Z,27233,4745.614985383,ohlcv,GEMINI_SPOT_BTC_USD,1DAY,2017-08-29T00:00:00,100000
110,19260.5,19999.0,18870.0,19499.98,2017-12-17T23:59:46.0330000Z,2017-12-17T00:00:00.1570000Z,2017-12-18T00:00:00.0000000Z,2017-12-17T00:00:00.0000000Z,41817,5227.236994213,ohlcv,GEMINI_SPOT_BTC_USD,1DAY,2017-08-29T00:00:00,100000
111,18981.88,19315.01,18125.45,19261.89,2017-12-18T23:59:59.5240000Z,2017-12-18T00:00:00.0680000Z,2017-12-19T00:00:00.0000000Z,2017-12-18T00:00:00.0000000Z,28486,7841.208548853,ohlcv,GEMINI_SPOT_BTC_USD,1DAY,2017-08-29T00:00:00,100000
112,17640.01,19050.0,16750.0,18981.88,2017-12-19T23:59:54.6730000Z,2017-12-19T00:00:00.0890000Z,2017-12-20T00:00:00.0000000Z,2017-12-19T00:00:00.0000000Z,41583,11100.651371318,ohlcv,GEMINI_SPOT_BTC_USD,1DAY,2017-08-29T00:00:00,100000
113,16535.48,17881.37,15600.0,17640.01,2017-12-20T23:58:22.2070000Z,2017-12-20T00:00:00.1440000Z,2017-12-21T00:00:00.0000000Z,2017-12-20T00:00:00.0000000Z,61412,16222.630343947,ohlcv,GEMINI_SPOT_BTC_USD,1DAY,2017-08-29T00:00:00,100000
114,15800.0,17375.2,15044.7,16575.0,2017-12-21T23:59:59.7800000Z,2017-12-21T00:00:42.8630000Z,2017-12-22T00:00:00.0000000Z,2017-12-21T00:00:00.0000000Z,45391,11731.234343976,ohlcv,GEMINI_SPOT_BTC_USD,1DAY,2017-08-29T00:00:00,100000
115,14000.0,15947.97,10611.0,15800.01,2017-12-22T23:59:59.3230000Z,2017-12-22T00:00:00.1380000Z,2017-12-23T00:00:00.0000000Z,2017-12-22T00:00:00.0000000Z,98870,35844.703844515,ohlcv,GEMINI_SPOT_BTC_USD,1DAY,2017-08-29T00:00:00,100000
116,15002.72,15894.0,13701.0,14000.0,2017-12-23T23:59:56.2720000Z,2017-12-23T00:00:03.6440000Z,2017-12-24T00:00:00.0000000Z,2017-12-23T00:00:00.0000000Z,33772,7143.660919393,ohlcv,GEMINI_SPOT_BTC_USD,1DAY,2017-08-29T00:00:00,100000
117,14100.01,15500.0,12600.0,14965.11,2017-12-24T23:59:46.9890000Z,2017-12-24T00:00:12.0810000Z,2017-12-25T00:00:00.0000000Z,2017-12-24T00:00:00.0000000Z,38007,7971.812220486,ohlcv,GEMINI_SPOT_BTC_USD,1DAY,2017-08-29T00:00:00,100000
118,13986.68,14698.99,13317.0,14124.85,2017-12-25T23:59:41.2210000Z,2017-12-25T00:00:00.1070000Z,2017-12-26T00:00:00.0000000Z,2017-12-25T00:00:00.0000000Z,30223,5160.571761092,ohlcv,GEMINI_SPOT_BTC_USD,1DAY,2017-08-29T00:00:00,100000
119,15830.86,16150.0,13921.0,13989.99,2017-12-26T23:59:52.1810000Z,2017-12-26T00:00:00.0830000Z,2017-12-27T00:00:00.0000000Z,2017-12-26T00:00:00.0000000Z,29967,6596.611515162,ohlcv,GEMINI_SPOT_BTC_USD,1DAY,2017-08-29T00:00:00,100000
120,15418.95,16500.0,14521.0,15810.0,2017-12-27T23:59:56.5880000Z,2017-12-27T00:00:00.1410000Z,2017-12-28T00:00:00.0000000Z,2017-12-27T00:00:00.0000000Z,33634,9113.712957186,ohlcv,GEMINI_SPOT_BTC_USD,1DAY,2017-08-29T00:00:00,100000
121,14488.61,15499.99,13514.81,15418.95,2017-12-28T23:59:58.9610000Z,2017-12-28T00:00:00.1090000Z,2017-12-29T00:00:00.0000000Z,2017-12-28T00:00:00.0000000Z,53745,10552.656082994,ohlcv,GEMINI_SPOT_BTC_USD,1DAY,2017-08-29T00:00:00,100000
122,14574.99,15115.1,13949.5,14488.62,2017-12-29T23:59:56.9510000Z,2017-12-29T00:00:01.4730000Z,2017-12-30T00:00:00.0000000Z,2017-12-29T00:00:00.0000000Z,27995,6234.880887533,ohlcv,GEMINI_SPOT_BTC_USD,1DAY,2017-08-29T00:00:00,100000
123,12675.68,14607.77,12481.44,14574.98,2017-12-30T23:59:58.6340000Z,2017-12-30T00:00:00.0800000Z,2017-12-31T00:00:00.0000000Z,2017-12-30T00:00:00.0000000Z,40795,8236.421989715,ohlcv,GEMINI_SPOT_BTC_USD,1DAY,2017-08-29T00:00:00,100000
124,13820.26,14191.2,12511.0,12667.61,2017-12-31T23:59:58.9100000Z,2017-12-31T00:00:00.0850000Z,2018-01-01T00:00:00.0000000Z,2017-12-31T00:00:00.0000000Z,27391,8160.329963568,ohlcv,GEMINI_SPOT_BTC_USD,1DAY,2017-08-29T00:00:00,100000
125,13338.41,13824.23,12800.0,13775.0,2018-01-01T23:59:38.3410000Z,2018-01-01T00:00:00.1070000Z,2018-01-02T00:00:00.0000000Z,2018-01-01T00:00:00.0000000Z,19137,4560.847475121,ohlcv,GEMINI_SPOT_BTC_USD,1DAY,2017-08-29T00:00:00,100000
126,14740.09,15249.97,12851.0,13338.4,2018-01-02T23:59:56.6220000Z,2018-01-02T00:00:00.1040000Z,2018-01-03T00:00:00.0000000Z,2018-01-02T00:00:00.0000000Z,31211,8631.777025458,ohlcv,GEMINI_SPOT_BTC_USD,1DAY,2017-08-29T00:00:00,100000
127,15144.0,15400.0,14583.47,14726.88,2018-01-03T23:59:59.9960000Z,2018-01-03T00:00:00.1030000Z,2018-01-04T00:00:00.0000000Z,2018-01-03T00:00:00.0000000Z,29396,8350.242188816,ohlcv,GEMINI_SPOT_BTC_USD,1DAY,2017-08-29T00:00:00,100000
128,15199.99,15503.59,14000.0,15149.05,2018-01-04T23:59:58.8240000Z,2018-01-04T00:00:00.7900000Z,2018-01-05T00:00:00.0000000Z,2018-01-04T00:00:00.0000000Z,36454,10927.674374704,ohlcv,GEMINI_SPOT_BTC_USD,1DAY,2017-08-29T00:00:00,100000
129,16945.5,17124.44,14800.0,15200.0,2018-01-05T23:59:58.1160000Z,2018-01-05T00:00:00.0750000Z,2018-01-06T00:00:00.0000000Z,2018-01-05T00:00:00.0000000Z,35763,11317.281579682,ohlcv,GEMINI_SPOT_BTC_USD,1DAY,2017-08-29T00:00:00,100000
130,17175.0,17236.46,16298.31,16945.51,2018-01-06T23:59:52.2610000Z,2018-01-06T00:00:00.0810000Z,2018-01-07T00:00:00.0000000Z,2018-01-06T00:00:00.0000000Z,18459,5268.264676991,ohlcv,GEMINI_SPOT_BTC_USD,1DAY,2017-08-29T00:00:00,100000
131,16150.15,17175.01,15741.08,17175.0,2018-01-07T23:59:58.1590000Z,2018-01-07T00:00:00.1390000Z,2018-01-08T00:00:00.0000000Z,2018-01-07T00:00:00.0000000Z,22492,5530.10089762,ohlcv,GEMINI_SPOT_BTC_USD,1DAY,2017-08-29T00:00:00,100000
132,14980.01,16250.0,13825.22,16150.15,2018-01-08T23:59:58.3800000Z,2018-01-08T00:00:00.1360000Z,2018-01-09T00:00:00.0000000Z,2018-01-08T00:00:00.0000000Z,37819,12108.193802481,ohlcv,GEMINI_SPOT_BTC_USD,1DAY,2017-08-29T00:00:00,100000
133,14477.55,15419.24,14161.55,14980.0,2018-01-09T23:59:52.6860000Z,2018-01-09T00:00:00.1220000Z,2018-01-10T00:00:00.0000000Z,2018-01-09T00:00:00.0000000Z,26774,7360.772589152,ohlcv,GEMINI_SPOT_BTC_USD,1DAY,2017-08-29T00:00:00,100000
134,14929.39,14933.42,13500.0,14476.7,2018-01-10T23:59:58.1820000Z,2018-01-10T00:00:00.1000000Z,2018-01-11T00:00:00.0000000Z,2018-01-10T00:00:00.0000000Z,28681,8711.903902913,ohlcv,GEMINI_SPOT_BTC_USD,1DAY,2017-08-29T00:00:00,100000
135,13301.77,14970.0,12810.0,14926.53,2018-01-11T23:59:34.2870000Z,2018-01-11T00:00:00.1440000Z,2018-01-12T00:00:00.0000000Z,2018-01-11T00:00:00.0000000Z,41386,9465.601812232,ohlcv,GEMINI_SPOT_BTC_USD,1DAY,2017-08-29T00:00:00,100000
136,13815.26,14106.0,12900.0,13260.04,2018-01-12T23:59:55.2720000Z,2018-01-12T00:00:00.1430000Z,2018-01-13T00:00:00.0000000Z,2018-01-12T00:00:00.0000000Z,32105,7372.541020139,ohlcv,GEMINI_SPOT_BTC_USD,1DAY,2017-08-29T00:00:00,100000
137,14174.38,14550.0,13803.8,13815.26,2018-01-13T23:59:59.1200000Z,2018-01-13T00:00:00.1850000Z,2018-01-14T00:00:00.0000000Z,2018-01-13T00:00:00.0000000Z,20975,4134.859646867,ohlcv,GEMINI_SPOT_BTC_USD,1DAY,2017-08-29T00:00:00,100000
138,13626.27,14310.0,13100.0,14174.01,2018-01-14T23:59:59.8920000Z,2018-01-14T00:00:00.4830000Z,2018-01-15T00:00:00.0000000Z,2018-01-14T00:00:00.0000000Z,21558,3560.485950455,ohlcv,GEMINI_SPOT_BTC_USD,1DAY,2017-08-29T00:00:00,100000
139,13597.6,14283.26,13400.0,13626.27,2018-01-15T23:59:49.2300000Z,2018-01-15T00:00:00.1030000Z,2018-01-16T00:00:00.0000000Z,2018-01-15T00:00:00.0000000Z,11951,4537.158858298,ohlcv,GEMINI_SPOT_BTC_USD,1DAY,2017-08-29T00:00:00,100000
140,11399.01,13601.25,10001.0,13580.55,2018-01-16T23:59:58.9970000Z,2018-01-16T00:00:25.0150000Z,2018-01-17T00:00:00.0000000Z,2018-01-16T00:00:00.0000000Z,51908,19488.162783506,ohlcv,GEMINI_SPOT_BTC_USD,1DAY,2017-08-29T00:00:00,100000
141,11240.19,11850.0,9125.0,11399.0,2018-01-17T23:59:56.8630000Z,2018-01-17T00:00:00.0770000Z,2018-01-18T00:00:00.0000000Z,2018-01-17T00:00:00.0000000Z,50736,23673.014449434,ohlcv,GEMINI_SPOT_BTC_USD,1DAY,2017-08-29T00:00:00,100000
142,11298.0,12110.0,10677.33,11248.0,2018-01-18T23:59:47.7790000Z,2018-01-18T00:00:00.0690000Z,2018-01-19T00:00:00.0000000Z,2018-01-18T00:00:00.0000000Z,31484,16440.248627628,ohlcv,GEMINI_SPOT_BTC_USD,1DAY,2017-08-29T00:00:00,100000
143,11535.56,12018.39,11048.66,11286.21,2018-01-19T23:59:51.3560000Z,2018-01-19T00:00:00.3260000Z,2018-01-20T00:00:00.0000000Z,2018-01-19T00:00:00.0000000Z,20304,9430.14601012,ohlcv,GEMINI_SPOT_BTC_USD,1DAY,2017-08-29T00:00:00,100000
144,12744.98,12999.0,11528.68,11535.55,2018-01-20T23:59:55.7450000Z,2018-01-20T00:00:00.0870000Z,2018-01-21T00:00:00.0000000Z,2018-01-20T00:00:00.0000000Z,22596,6691.338900808,ohlcv,GEMINI_SPOT_BTC_USD,1DAY,2017-08-29T00:00:00,100000
145,11501.0,12774.17,11112.0,12771.91,2018-01-21T23:59:59.9140000Z,2018-01-21T00:00:00.1060000Z,2018-01-22T00:00:00.0000000Z,2018-01-21T00:00:00.0000000Z,29619,5698.911230276,ohlcv,GEMINI_SPOT_BTC_USD,1DAY,2017-08-29T00:00:00,100000
146,10780.0,11865.0,10026.03,11500.99,2018-01-22T23:59:59.4180000Z,2018-01-22T00:00:00.1020000Z,2018-01-23T00:00:00.0000000Z,2018-01-22T00:00:00.0000000Z,38420,11013.764380389,ohlcv,GEMINI_SPOT_BTC_USD,1DAY,2017-08-29T00:00:00,100000
147,10820.81,11372.51,9940.0,10780.0,2018-01-23T23:59:56.6670000Z,2018-01-23T00:00:13.0580000Z,2018-01-24T00:00:00.0000000Z,2018-01-23T00:00:00.0000000Z,37451,10502.451051438,ohlcv,GEMINI_SPOT_BTC_USD,1DAY,2017-08-29T00:00:00,100000
148,11346.58,11480.01,10500.0,10820.81,2018-01-24T23:59:59.1010000Z,2018-01-24T00:00:10.2640000Z,2018-01-25T00:00:00.0000000Z,2018-01-24T00:00:00.0000000Z,28232,8324.211927279,ohlcv,GEMINI_SPOT_BTC_USD,1DAY,2017-08-29T00:00:00,100000
149,11114.0,11693.7,10805.56,11346.58,2018-01-25T23:59:14.2020000Z,2018-01-25T00:00:02.0210000Z,2018-01-26T00:00:00.0000000Z,2018-01-25T00:00:00.0000000Z,25889,6647.488611968,ohlcv,GEMINI_SPOT_BTC_USD,1DAY,2017-08-29T00:00:00,100000
150,11091.99,11600.0,10300.0,11117.0,2018-01-26T23:59:41.1570000Z,2018-01-26T00:00:00.1380000Z,2018-01-27T00:00:00.0000000Z,2018-01-26T00:00:00.0000000Z,29028,8827.15631228,ohlcv,GEMINI_SPOT_BTC_USD,1DAY,2017-08-29T00:00:00,100000
151,11372.85,11535.0,10821.76,11062.07,2018-01-27T23:59:59.3660000Z,2018-01-27T00:00:09.4720000Z,2018-01-28T00:00:00.0000000Z,2018-01-27T00:00:00.0000000Z,19094,4663.844351465,ohlcv,GEMINI_SPOT_BTC_USD,1DAY,2017-08-29T00:00:00,100000
152,11633.11,11878.1,11312.2,11373.92,2018-01-28T23:59:42.6960000Z,2018-01-28T00:00:00.0660000Z,2018-01-29T00:00:00.0000000Z,2018-01-28T00:00:00.0000000Z,18943,4162.776092658,ohlcv,GEMINI_SPOT_BTC_USD,1DAY,2017-08-29T00:00:00,100000
153,11135.34,11698.0,10900.0,11620.0,2018-01-29T23:59:59.5180000Z,2018-01-29T00:00:27.7910000Z,2018-01-30T00:00:00.0000000Z,2018-01-29T00:00:00.0000000Z,22108,5631.214975979,ohlcv,GEMINI_SPOT_BTC_USD,1DAY,2017-08-29T00:00:00,100000
154,10007.42,11168.7,9734.63,11130.11,2018-01-30T23:59:51.0760000Z,2018-01-30T00:00:05.3160000Z,2018-01-31T00:00:00.0000000Z,2018-01-30T00:00:00.0000000Z,39345,10965.083966539,ohlcv,GEMINI_SPOT_BTC_USD,1DAY,2017-08-29T00:00:00,100000
155,10112.6,10299.99,9555.0,10007.42,2018-01-31T23:59:57.3150000Z,2018-01-31T00:00:06.1800000Z,2018-02-01T00:00:00.0000000Z,2018-01-31T00:00:00.0000000Z,33365,9052.604632431,ohlcv,GEMINI_SPOT_BTC_USD,1DAY,2017-08-29T00:00:00,100000
156,9000.73,10164.68,8411.11,10116.6,2018-02-01T23:59:59.8080000Z,2018-02-01T00:00:00.1060000Z,2018-02-02T00:00:00.0000000Z,2018-02-01T00:00:00.0000000Z,44486,14304.814180634,ohlcv,GEMINI_SPOT_BTC_USD,1DAY,2017-08-29T00:00:00,100000
157,8845.07,9080.0,7610.0,9000.73,2018-02-02T23:59:35.2330000Z,2018-02-02T00:00:01.3570000Z,2018-02-03T00:00:00.0000000Z,2018-02-02T00:00:00.0000000Z,21739,8407.677883229,ohlcv,GEMINI_SPOT_BTC_USD,1DAY,2017-08-29T00:00:00,100000
158,9221.14,9494.86,8123.62,8805.76,2018-02-03T23:59:56.5480000Z,2018-02-03T00:00:00.1070000Z,2018-02-04T00:00:00.0000000Z,2018-02-03T00:00:00.0000000Z,28850,7433.533116254,ohlcv,GEMINI_SPOT_BTC_USD,1DAY,2017-08-29T00:00:00,100000
159,8162.94,9353.45,7847.39,9221.11,2018-02-04T23:59:50.2050000Z,2018-02-04T00:00:02.6320000Z,2018-02-05T00:00:00.0000000Z,2018-02-04T00:00:00.0000000Z,26591,7889.869190463,ohlcv,GEMINI_SPOT_BTC_USD,1DAY,2017-08-29T00:00:00,100000
160,6892.67,8334.0,6500.0,8152.9,2018-02-05T23:59:43.2140000Z,2018-02-05T00:00:00.0810000Z,2018-02-06T00:00:00.0000000Z,2018-02-05T00:00:00.0000000Z,34886,21476.863903235,ohlcv,GEMINI_SPOT_BTC_USD,1DAY,2017-08-29T00:00:00,100000
161,7682.75,7944.0,5931.34,6886.58,2018-02-06T23:59:56.6600000Z,2018-02-06T00:00:00.0990000Z,2018-02-07T00:00:00.0000000Z,2018-02-06T00:00:00.0000000Z,39127,29717.862892813,ohlcv,GEMINI_SPOT_BTC_USD,1DAY,2017-08-29T00:00:00,100000
162,7582.76,8589.0,7200.0,7700.39,2018-02-07T23:59:56.2960000Z,2018-02-07T00:00:33.7280000Z,2018-02-08T00:00:00.0000000Z,2018-02-07T00:00:00.0000000Z,26578,15628.889211615,ohlcv,GEMINI_SPOT_BTC_USD,1DAY,2017-08-29T00:00:00,100000
163,8200.0,8638.99,7556.0,7586.93,2018-02-08T23:59:56.2560000Z,2018-02-08T00:00:19.9230000Z,2018-02-09T00:00:00.0000000Z,2018-02-08T00:00:00.0000000Z,17518,12036.640706748,ohlcv,GEMINI_SPOT_BTC_USD,1DAY,2017-08-29T00:00:00,100000
164,8697.78,8728.53,7750.0,8200.0,2018-02-09T23:59:57.5960000Z,2018-02-09T00:00:00.1300000Z,2018-02-10T00:00:00.0000000Z,2018-02-09T00:00:00.0000000Z,17717,9435.602185052,ohlcv,GEMINI_SPOT_BTC_USD,1DAY,2017-08-29T00:00:00,100000
165,8553.5,9069.0,8146.78,8697.78,2018-02-10T23:59:59.4090000Z,2018-02-10T00:00:02.7490000Z,2018-02-11T00:00:00.0000000Z,2018-02-10T00:00:00.0000000Z,15711,6006.533982281,ohlcv,GEMINI_SPOT_BTC_USD,1DAY,2017-08-29T00:00:00,100000
166,8073.9,8576.42,7824.48,8553.5,2018-02-11T23:59:51.1450000Z,2018-02-11T00:00:00.3280000Z,2018-02-12T00:00:00.0000000Z,2018-02-11T00:00:00.0000000Z,12708,5321.257118097,ohlcv,GEMINI_SPOT_BTC_USD,1DAY,2017-08-29T00:00:00,100000
167,8900.0,8985.0,8070.68,8077.0,2018-02-12T23:59:55.0220000Z,2018-02-12T00:00:22.4990000Z,2018-02-13T00:00:00.0000000Z,2018-02-12T00:00:00.0000000Z,14601,5442.154179852,ohlcv,GEMINI_SPOT_BTC_USD,1DAY,2017-08-29T00:00:00,100000
168,8519.07,8940.0,8379.0,8897.42,2018-02-13T23:59:48.8550000Z,2018-02-13T00:00:00.0850000Z,2018-02-14T00:00:00.0000000Z,2018-02-13T00:00:00.0000000Z,26189,4952.07297678,ohlcv,GEMINI_SPOT_BTC_USD,1DAY,2017-08-29T00:00:00,100000
169,9480.27,9510.0,8519.07,8519.07,2018-02-14T23:59:57.2130000Z,2018-02-14T00:00:18.2950000Z,2018-02-15T00:00:00.0000000Z,2018-02-14T00:00:00.0000000Z,28279,8783.805714714,ohlcv,GEMINI_SPOT_BTC_USD,1DAY,2017-08-29T00:00:00,100000
170,10017.18,10259.29,9353.0,9480.28,2018-02-15T23:59:51.5460000Z,2018-02-15T00:00:26.7450000Z,2018-02-16T00:00:00.0000000Z,2018-02-15T00:00:00.0000000Z,22560,9001.723934802,ohlcv,GEMINI_SPOT_BTC_USD,1DAY,2017-08-29T00:00:00,100000
171,10183.63,10307.6,9710.0,10020.27,2018-02-16T23:59:58.4530000Z,2018-02-16T00:00:00.0960000Z,2018-02-17T00:00:00.0000000Z,2018-02-16T00:00:00.0000000Z,13328,5418.377892925,ohlcv,GEMINI_SPOT_BTC_USD,1DAY,2017-08-29T00:00:00,100000
172,11100.0,11140.45,10039.73,10182.93,2018-02-17T23:59:47.3430000Z,2018-02-17T00:00:19.2010000Z,2018-02-18T00:00:00.0000000Z,2018-02-17T00:00:00.0000000Z,10011,4324.244110234,ohlcv,GEMINI_SPOT_BTC_USD,1DAY,2017-08-29T00:00:00,100000
173,10402.99,11270.0,10150.0,11118.58,2018-02-18T23:59:47.6150000Z,2018-02-18T00:00:02.7570000Z,2018-02-19T00:00:00.0000000Z,2018-02-18T00:00:00.0000000Z,15414,6907.708471797,ohlcv,GEMINI_SPOT_BTC_USD,1DAY,2017-08-29T00:00:00,100000
174,11166.92,11250.0,10315.0,10410.67,2018-02-19T23:59:25.2690000Z,2018-02-19T00:00:04.5560000Z,2018-02-20T00:00:00.0000000Z,2018-02-19T00:00:00.0000000Z,9233,3757.05361113,ohlcv,GEMINI_SPOT_BTC_USD,1DAY,2017-08-29T00:00:00,100000
175,11206.22,11750.0,11084.99,11159.63,2018-02-20T23:59:47.2080000Z,2018-02-20T00:01:08.9900000Z,2018-02-21T00:00:00.0000000Z,2018-02-20T00:00:00.0000000Z,14706,6599.179663988,ohlcv,GEMINI_SPOT_BTC_USD,1DAY,2017-08-29T00:00:00,100000
176,10475.0,11282.53,10248.0,11225.0,2018-02-21T23:59:42.2340000Z,2018-02-21T00:00:01.4770000Z,2018-02-22T00:00:00.0000000Z,2018-02-21T00:00:00.0000000Z,20731,11347.419828696,ohlcv,GEMINI_SPOT_BTC_USD,1DAY,2017-08-29T00:00:00,100000
177,9829.96,10939.9,9740.0,10474.68,2018-02-22T23:59:52.6480000Z,2018-02-22T00:00:04.9530000Z,2018-02-23T00:00:00.0000000Z,2018-02-22T00:00:00.0000000Z,29172,10607.022283522,ohlcv,GEMINI_SPOT_BTC_USD,1DAY,2017-08-29T00:00:00,100000
178,10161.62,10400.0,9595.0,9828.92,2018-02-23T23:59:48.3000000Z,2018-02-23T00:00:03.5310000Z,2018-02-24T00:00:00.0000000Z,2018-02-23T00:00:00.0000000Z,15338,6464.908833472,ohlcv,GEMINI_SPOT_BTC_USD,1DAY,2017-08-29T00:00:00,100000
179,9697.21,10534.77,9388.97,10153.21,2018-02-24T23:59:55.9400000Z,2018-02-24T00:00:09.0830000Z,2018-02-25T00:00:00.0000000Z,2018-02-24T00:00:00.0000000Z,22262,5269.121061929,ohlcv,GEMINI_SPOT_BTC_USD,1DAY,2017-08-29T00:00:00,100000
180,9595.0,9870.0,9290.0,9697.22,2018-02-25T23:59:56.6310000Z,2018-02-25T00:00:11.5540000Z,2018-02-26T00:00:00.0000000Z,2018-02-25T00:00:00.0000000Z,11865,3255.142673171,ohlcv,GEMINI_SPOT_BTC_USD,1DAY,2017-08-29T00:00:00,100000
181,10300.0,10433.88,9399.0,9592.44,2018-02-26T23:59:50.1830000Z,2018-02-26T00:00:45.6320000Z,2018-02-27T00:00:00.0000000Z,2018-02-26T00:00:00.0000000Z,22436,5511.920472436,ohlcv,GEMINI_SPOT_BTC_USD,1DAY,2017-08-29T00:00:00,100000
182,10562.46,10850.0,10117.0,10299.99,2018-02-27T23:59:58.7280000Z,2018-02-27T00:00:06.7780000Z,2018-02-28T00:00:00.0000000Z,2018-02-27T00:00:00.0000000Z,15504,5522.464809068,ohlcv,GEMINI_SPOT_BTC_USD,1DAY,2017-08-29T00:00:00,100000
183,10296.86,11050.0,10260.85,10560.49,2018-02-28T23:59:47.4870000Z,2018-02-28T00:00:01.2350000Z,2018-03-01T00:00:00.0000000Z,2018-02-28T00:00:00.0000000Z,23449,6014.810957209,ohlcv,GEMINI_SPOT_BTC_USD,1DAY,2017-08-29T00:00:00,100000
184,10900.95,11100.0,10200.0,10296.86,2018-03-01T23:59:30.2630000Z,2018-03-01T00:00:02.0320000Z,2018-03-02T00:00:00.0000000Z,2018-03-01T00:00:00.0000000Z,17567,5126.617406076,ohlcv,GEMINI_SPOT_BTC_USD,1DAY,2017-08-29T00:00:00,100000
185,11027.77,11200.0,10779.44,10900.74,2018-03-02T23:59:50.2640000Z,2018-03-02T00:00:26.8950000Z,2018-03-03T00:00:00.0000000Z,2018-03-02T00:00:00.0000000Z,21585,4001.997125575,ohlcv,GEMINI_SPOT_BTC_USD,1DAY,2017-08-29T00:00:00,100000
186,11433.72,11484.98,11026.91,11026.91,2018-03-03T23:59:56.8780000Z,2018-03-03T00:00:22.7500000Z,2018-03-04T00:00:00.0000000Z,2018-03-03T00:00:00.0000000Z,12428,1842.464048996,ohlcv,GEMINI_SPOT_BTC_USD,1DAY,2017-08-29T00:00:00,100000
187,11467.19,11500.0,11060.01,11444.27,2018-03-04T23:59:42.6440000Z,2018-03-04T00:00:12.3740000Z,2018-03-05T00:00:00.0000000Z,2018-03-04T00:00:00.0000000Z,11511,1867.493751267,ohlcv,GEMINI_SPOT_BTC_USD,1DAY,2017-08-29T00:00:00,100000
188,11400.01,11650.01,11400.0,11467.19,2018-03-05T23:59:59.0270000Z,2018-03-05T00:00:10.5840000Z,2018-03-06T00:00:00.0000000Z,2018-03-05T00:00:00.0000000Z,8942,2905.859055262,ohlcv,GEMINI_SPOT_BTC_USD,1DAY,2017-08-29T00:00:00,100000
189,10696.87,11401.64,10563.93,11400.0,2018-03-06T23:59:43.5050000Z,2018-03-06T00:00:00.2180000Z,2018-03-07T00:00:00.0000000Z,2018-03-06T00:00:00.0000000Z,25793,5056.942496951,ohlcv,GEMINI_SPOT_BTC_USD,1DAY,2017-08-29T00:00:00,100000
190,9884.26,10898.99,9375.0,10696.87,2018-03-07T23:59:42.3630000Z,2018-03-07T00:00:36.6330000Z,2018-03-08T00:00:00.0000000Z,2018-03-07T00:00:00.0000000Z,38900,10167.883770816,ohlcv,GEMINI_SPOT_BTC_USD,1DAY,2017-08-29T00:00:00,100000
191,9295.77,10100.0,9050.0,9889.95,2018-03-08T23:59:58.0950000Z,2018-03-08T00:00:15.1330000Z,2018-03-09T00:00:00.0000000Z,2018-03-08T00:00:00.0000000Z,29454,8652.788870584,ohlcv,GEMINI_SPOT_BTC_USD,1DAY,2017-08-29T00:00:00,100000
192,9257.0,9409.21,8370.0,9299.4,2018-03-09T23:59:55.7000000Z,2018-03-09T00:00:00.1720000Z,2018-03-10T00:00:00.0000000Z,2018-03-09T00:00:00.0000000Z,31228,11016.698454474,ohlcv,GEMINI_SPOT_BTC_USD,1DAY,2017-08-29T00:00:00,100000
193,8769.2,9515.21,8731.0,9257.01,2018-03-10T23:35:25.8490000Z,2018-03-10T00:00:00.0800000Z,2018-03-11T00:00:00.0000000Z,2018-03-10T00:00:00.0000000Z,26736,4578.518924787,ohlcv,GEMINI_SPOT_BTC_USD,1DAY,2017-08-29T00:00:00,100000
194,9530.94,9772.42,8544.95,8763.32,2018-03-11T23:59:46.0500000Z,2018-03-11T01:12:32.0580000Z,2018-03-12T00:00:00.0000000Z,2018-03-11T00:00:00.0000000Z,24711,4566.211455331,ohlcv,GEMINI_SPOT_BTC_USD,1DAY,2017-08-29T00:00:00,100000
195,9110.39,9898.0,8760.0,9533.71,2018-03-12T23:59:59.6140000Z,2018-03-12T00:00:16.2100000Z,2018-03-13T00:00:00.0000000Z,2018-03-12T00:00:00.0000000Z,35670,7413.199323908,ohlcv,GEMINI_SPOT_BTC_USD,1DAY,2017-08-29T00:00:00,100000
196,9146.52,9500.0,8850.0,9110.39,2018-03-13T23:59:59.6870000Z,2018-03-13T00:00:09.7880000Z,2018-03-14T00:00:00.0000000Z,2018-03-13T00:00:00.0000000Z,35518,6443.622878232,ohlcv,GEMINI_SPOT_BTC_USD,1DAY,2017-08-29T00:00:00,100000
197,8198.82,9366.16,7932.65,9147.66,2018-03-14T23:59:58.4190000Z,2018-03-14T00:00:16.7390000Z,2018-03-15T00:00:00.0000000Z,2018-03-14T00:00:00.0000000Z,43339,8988.752599463,ohlcv,GEMINI_SPOT_BTC_USD,1DAY,2017-08-29T00:00:00,100000
198,8265.03,8416.92,7675.35,8196.34,2018-03-15T23:59:27.0310000Z,2018-03-15T00:00:00.7660000Z,2018-03-16T00:00:00.0000000Z,2018-03-15T00:00:00.0000000Z,45768,10298.784784192,ohlcv,GEMINI_SPOT_BTC_USD,1DAY,2017-08-29T00:00:00,100000
199,8265.81,8607.11,7900.01,8260.06,2018-03-16T23:59:57.5110000Z,2018-03-16T00:00:13.0030000Z,2018-03-17T00:00:00.0000000Z,2018-03-16T00:00:00.0000000Z,23490,6597.587396526,ohlcv,GEMINI_SPOT_BTC_USD,1DAY,2017-08-29T00:00:00,100000
200,7870.99,8350.0,7737.49,8260.0,2018-03-17T23:59:48.9620000Z,2018-03-17T00:00:08.5020000Z,2018-03-18T00:00:00.0000000Z,2018-03-17T00:00:00.0000000Z,11741,4380.963570479,ohlcv,GEMINI_SPOT_BTC_USD,1DAY,2017-08-29T00:00:00,100000
201,8197.29,8297.0,7319.0,7862.57,2018-03-18T23:59:56.5310000Z,2018-03-18T00:00:18.4940000Z,2018-03-19T00:00:00.0000000Z,2018-03-18T00:00:00.0000000Z,19693,9507.784978737,ohlcv,GEMINI_SPOT_BTC_USD,1DAY,2017-08-29T00:00:00,100000
202,8599.01,8744.68,8119.7,8197.28,2018-03-19T23:59:52.4440000Z,2018-03-19T00:00:00.1620000Z,2018-03-20T00:00:00.0000000Z,2018-03-19T00:00:00.0000000Z,17337,8478.734790853,ohlcv,GEMINI_SPOT_BTC_USD,1DAY,2017-08-29T00:00:00,100000
203,8904.23,9037.0,8327.35,8599.0,2018-03-20T23:59:37.8350000Z,2018-03-20T00:00:02.7140000Z,2018-03-21T00:00:00.0000000Z,2018-03-20T00:00:00.0000000Z,14026,7429.433045614,ohlcv,GEMINI_SPOT_BTC_USD,1DAY,2017-08-29T00:00:00,100000
204,8902.53,9180.0,8755.0,8911.52,2018-03-21T23:59:56.2550000Z,2018-03-21T00:00:30.4760000Z,2018-03-22T00:00:00.0000000Z,2018-03-21T00:00:00.0000000Z,14147,6569.302275326,ohlcv,GEMINI_SPOT_BTC_USD,1DAY,2017-08-29T00:00:00,100000
205,8710.44,9100.0,8494.62,8900.0,2018-03-22T23:59:56.0910000Z,2018-03-22T00:00:04.6590000Z,2018-03-23T00:00:00.0000000Z,2018-03-22T00:00:00.0000000Z,17847,6394.844797946,ohlcv,GEMINI_SPOT_BTC_USD,1DAY,2017-08-29T00:00:00,100000
206,8925.0,8925.01,8288.01,8708.01,2018-03-23T23:59:45.5190000Z,2018-03-23T00:00:24.7960000Z,2018-03-24T00:00:00.0000000Z,2018-03-23T00:00:00.0000000Z,28776,6212.366461233,ohlcv,GEMINI_SPOT_BTC_USD,1DAY,2017-08-29T00:00:00,100000
207,8540.33,9000.0,8500.0,8925.0,2018-03-24T23:59:51.0260000Z,2018-03-24T00:00:09.2230000Z,2018-03-25T00:00:00.0000000Z,2018-03-24T00:00:00.0000000Z,10466,3002.395672281,ohlcv,GEMINI_SPOT_BTC_USD,1DAY,2017-08-29T00:00:00,100000
208,8457.04,8687.3,8375.5,8526.54,2018-03-25T23:59:37.7790000Z,2018-03-25T00:00:10.1270000Z,2018-03-26T00:00:00.0000000Z,2018-03-25T00:00:00.0000000Z,20942,3812.337545592,ohlcv,GEMINI_SPOT_BTC_USD,1DAY,2017-08-29T00:00:00,100000
209,8149.44,8495.73,7827.95,8457.01,2018-03-26T23:59:56.8730000Z,2018-03-26T00:00:05.4230000Z,2018-03-27T00:00:00.0000000Z,2018-03-26T00:00:00.0000000Z,31728,6832.182058526,ohlcv,GEMINI_SPOT_BTC_USD,1DAY,2017-08-29T00:00:00,100000
210,7794.42,8221.79,7753.0,8149.46,2018-03-27T23:59:43.1860000Z,2018-03-27T00:00:08.3530000Z,2018-03-28T00:00:00.0000000Z,2018-03-27T00:00:00.0000000Z,35360,6455.053157742,ohlcv,GEMINI_SPOT_BTC_USD,1DAY,2017-08-29T00:00:00,100000
211,7941.87,8095.0,7749.53,7797.88,2018-03-28T23:59:47.8020000Z,2018-03-28T00:00:09.9910000Z,2018-03-29T00:00:00.0000000Z,2018-03-28T00:00:00.0000000Z,21383,5096.561659211,ohlcv,GEMINI_SPOT_BTC_USD,1DAY,2017-08-29T00:00:00,100000
212,7086.6,7965.0,6903.0,7942.89,2018-03-29T23:59:36.9540000Z,2018-03-29T00:00:04.5430000Z,2018-03-30T00:00:00.0000000Z,2018-03-29T00:00:00.0000000Z,30268,12018.364051164,ohlcv,GEMINI_SPOT_BTC_USD,1DAY,2017-08-29T00:00:00,100000
213,6838.71,7271.9,6600.0,7078.31,2018-03-30T23:59:47.9440000Z,2018-03-30T00:00:26.6690000Z,2018-03-31T00:00:00.0000000Z,2018-03-30T00:00:00.0000000Z,23772,11204.488700145,ohlcv,GEMINI_SPOT_BTC_USD,1DAY,2017-08-29T00:00:00,100000
214,6921.27,7242.47,6788.51,6838.7,2018-03-31T23:59:56.7370000Z,2018-03-31T00:00:00.5810000Z,2018-04-01T00:00:00.0000000Z,2018-03-31T00:00:00.0000000Z,21265,4847.505488814,ohlcv,GEMINI_SPOT_BTC_USD,1DAY,2017-08-29T00:00:00,100000
215,6811.02,7043.5,6442.49,6925.09,2018-04-01T23:59:43.2970000Z,2018-04-01T00:00:29.3070000Z,2018-04-02T00:00:00.0000000Z,2018-04-01T00:00:00.0000000Z,14688,5877.159735031,ohlcv,GEMINI_SPOT_BTC_USD,1DAY,2017-08-29T00:00:00,100000
216,7049.99,7113.01,6766.84,6811.02,2018-04-02T23:59:53.8670000Z,2018-04-02T00:00:01.7480000Z,2018-04-03T00:00:00.0000000Z,2018-04-02T00:00:00.0000000Z,10957,5328.994161127,ohlcv,GEMINI_SPOT_BTC_USD,1DAY,2017-08-29T00:00:00,100000
217,7418.53,7500.0,7016.87,7050.0,2018-04-03T23:59:55.5160000Z,2018-04-03T00:00:30.4210000Z,2018-04-04T00:00:00.0000000Z,2018-04-03T00:00:00.0000000Z,17494,7164.595761464,ohlcv,GEMINI_SPOT_BTC_USD,1DAY,2017-08-29T00:00:00,100000
218,6794.31,7421.08,6707.5,7418.52,2018-04-04T23:59:50.7930000Z,2018-04-04T00:00:02.7700000Z,2018-04-05T00:00:00.0000000Z,2018-04-04T00:00:00.0000000Z,13411,6786.999735319,ohlcv,GEMINI_SPOT_BTC_USD,1DAY,2017-08-29T00:00:00,100000
219,6777.0,6923.01,6574.3,6794.31,2018-04-05T23:59:51.2830000Z,2018-04-05T00:00:06.6820000Z,2018-04-06T00:00:00.0000000Z,2018-04-05T00:00:00.0000000Z,18287,7326.246996718,ohlcv,GEMINI_SPOT_BTC_USD,1DAY,2017-08-29T00:00:00,100000
220,6592.94,6848.0,6512.79,6779.16,2018-04-06T23:12:49.1800000Z,2018-04-06T00:00:16.7230000Z,2018-04-07T00:00:00.0000000Z,2018-04-06T00:00:00.0000000Z,13857,5932.984037684,ohlcv,GEMINI_SPOT_BTC_USD,1DAY,2017-08-29T00:00:00,100000
221,6895.99,7069.18,6602.49,6602.49,2018-04-07T23:59:48.9030000Z,2018-04-07T04:08:17.0830000Z,2018-04-08T00:00:00.0000000Z,2018-04-07T00:00:00.0000000Z,6560,2337.585084387,ohlcv,GEMINI_SPOT_BTC_USD,1DAY,2017-08-29T00:00:00,100000
222,7022.72,7100.0,6889.5,6895.98,2018-04-08T23:59:54.2910000Z,2018-04-08T00:00:07.3430000Z,2018-04-09T00:00:00.0000000Z,2018-04-08T00:00:00.0000000Z,4640,2494.648746866,ohlcv,GEMINI_SPOT_BTC_USD,1DAY,2017-08-29T00:00:00,100000
223,6771.01,7176.99,6612.35,7035.17,2018-04-09T23:59:29.0850000Z,2018-04-09T00:02:59.6870000Z,2018-04-10T00:00:00.0000000Z,2018-04-09T00:00:00.0000000Z,12826,4776.831330787,ohlcv,GEMINI_SPOT_BTC_USD,1DAY,2017-08-29T00:00:00,100000
224,6830.68,6876.33,6651.12,6776.42,2018-04-10T23:58:04.9960000Z,2018-04-10T00:00:20.6500000Z,2018-04-11T00:00:00.0000000Z,2018-04-10T00:00:00.0000000Z,8213,2807.416911602,ohlcv,GEMINI_SPOT_BTC_USD,1DAY,2017-08-29T00:00:00,100000
225,6939.43,6966.84,6801.68,6831.73,2018-04-11T23:59:50.3520000Z,2018-04-11T00:03:10.0520000Z,2018-04-12T00:00:00.0000000Z,2018-04-11T00:00:00.0000000Z,9681,2866.252382498,ohlcv,GEMINI_SPOT_BTC_USD,1DAY,2017-08-29T00:00:00,100000
226,7920.39,8076.83,6766.18,6939.43,2018-04-12T23:59:35.3370000Z,2018-04-12T00:00:05.9520000Z,2018-04-13T00:00:00.0000000Z,2018-04-12T00:00:00.0000000Z,22818,10836.832552712,ohlcv,GEMINI_SPOT_BTC_USD,1DAY,2017-08-29T00:00:00,100000
227,7875.94,8223.58,7732.43,7920.08,2018-04-13T23:59:53.0160000Z,2018-04-13T00:00:00.1440000Z,2018-04-14T00:00:00.0000000Z,2018-04-13T00:00:00.0000000Z,17449,7863.161229462,ohlcv,GEMINI_SPOT_BTC_USD,1DAY,2017-08-29T00:00:00,100000
228,7998.07,8175.86,7820.67,7875.94,2018-04-14T23:59:59.8410000Z,2018-04-14T00:00:00.0800000Z,2018-04-15T00:00:00.0000000Z,2018-04-14T00:00:00.0000000Z,5962,2122.113673832,ohlcv,GEMINI_SPOT_BTC_USD,1DAY,2017-08-29T00:00:00,100000
229,8357.43,8413.43,7998.07,7998.07,2018-04-15T23:59:40.0670000Z,2018-04-15T00:00:19.2610000Z,2018-04-16T00:00:00.0000000Z,2018-04-15T00:00:00.0000000Z,6980,2298.167110897,ohlcv,GEMINI_SPOT_BTC_USD,1DAY,2017-08-29T00:00:00,100000
230,8052.27,8415.0,7900.0,8359.17,2018-04-16T23:59:23.8810000Z,2018-04-16T00:00:34.7720000Z,2018-04-17T00:00:00.0000000Z,2018-04-16T00:00:00.0000000Z,7738,4713.405097188,ohlcv,GEMINI_SPOT_BTC_USD,1DAY,2017-08-29T00:00:00,100000
231,7890.3,8165.07,7820.01,8055.0,2018-04-17T23:59:59.6520000Z,2018-04-17T00:01:27.3830000Z,2018-04-18T00:00:00.0000000Z,2018-04-17T00:00:00.0000000Z,6119,3055.603036975,ohlcv,GEMINI_SPOT_BTC_USD,1DAY,2017-08-29T00:00:00,100000
232,8167.0,8227.32,7880.0,7890.31,2018-04-18T23:59:50.3380000Z,2018-04-18T00:00:29.8300000Z,2018-04-19T00:00:00.0000000Z,2018-04-18T00:00:00.0000000Z,5784,3134.924463067,ohlcv,GEMINI_SPOT_BTC_USD,1DAY,2017-08-29T00:00:00,100000
233,8269.3,8295.73,8090.0,8168.5,2018-04-19T23:59:54.0160000Z,2018-04-19T00:00:02.3740000Z,2018-04-20T00:00:00.0000000Z,2018-04-19T00:00:00.0000000Z,10674,2784.03507559,ohlcv,GEMINI_SPOT_BTC_USD,1DAY,2017-08-29T00:00:00,100000
234,8847.07,8932.16,8215.0,8269.3,2018-04-20T23:17:44.9240000Z,2018-04-20T00:00:12.1100000Z,2018-04-21T00:00:00.0000000Z,2018-04-20T00:00:00.0000000Z,14259,5243.276378473,ohlcv,GEMINI_SPOT_BTC_USD,1DAY,2017-08-29T00:00:00,100000
235,8844.25,8844.25,8844.25,8844.25,2018-04-21T02:13:57.1470000Z,2018-04-21T02:13:52.7470000Z,2018-04-22T00:00:00.0000000Z,2018-04-21T00:00:00.0000000Z,2,0.51869732,ohlcv,GEMINI_SPOT_BTC_USD,1DAY,2017-08-29T00:00:00,100000
