,data_end,data_orderbook_end,data_orderbook_start,data_quote_end,data_quote_start,data_start,data_symbols_count,data_trade_count,data_trade_end,data_trade_start,exchange_id,name,website
0,2018-03-09,2018-03-09T23:36:52.2077617Z,2015-02-15T13:05:36.1970000Z,2018-03-09T23:34:52.5800000Z,2015-02-15T12:53:50.3430000Z,2013-06-12,2,2085401174.0,2018-03-09T23:23:30.4030000Z,2013-06-12T14:24:24.0000000Z,OKCOIN_CNY,OKCoin CNY,https://www.okcoin.cn/
1,2018-04-01,2018-04-01T04:37:16.6464023Z,2017-03-14T20:03:47.4782440Z,2018-04-01T04:38:37.2465316Z,2017-03-14T20:03:47.4782440Z,2017-01-26,340,300225464.0,2018-04-01T04:11:58.7430000Z,2017-01-26T19:48:55.0000000Z,BITTREX,Bittrex,https://bittrex.com/
2,2018-04-01,2018-04-01T02:20:03.9825738Z,2016-05-29T15:05:07.0327672Z,2018-04-01T02:20:57.7169774Z,2016-06-12T11:53:38.1523879Z,2016-05-29,173,245597751.0,2018-04-01T02:20:03.0000000Z,2016-05-29T15:05:08.0000000Z,POLONIEX,POLONIEX,https://poloniex.com/
3,2018-03-31,2018-03-31T23:17:57.2937332Z,2014-04-20T15:59:49.8200000Z,2018-03-31T23:18:01.1374790Z,2014-02-24T17:43:05.0000000Z,2013-03-31,112,203120880.0,2018-03-31T23:17:36.0000000Z,2013-03-31T22:07:48.0000000Z,BITFINEX,Bitfinex,https://www.bitfinex.com/
4,2018-04-01,2018-04-01T00:12:34.3816590Z,2015-05-17T00:51:32.6370000Z,2018-04-01T00:13:07.8992557Z,2015-05-17T00:51:32.6370000Z,2015-01-14,13,134458496.0,2018-04-01T00:11:15.7040000Z,2015-01-14T16:07:05.0000000Z,COINBASE,GDAX,https://www.gdax.com/
5,2018-04-01,2018-04-01T01:45:43.5089309Z,2014-08-05T00:23:13.9670000Z,2018-04-01T01:46:11.6929395Z,2014-07-31T13:05:46.0000000Z,2013-10-22,90,131577726.0,2018-04-01T01:46:05.0730000Z,2013-10-22T23:09:46.8630000Z,KRAKEN,Kraken,https://www.kraken.com/
6,2018-03-09,2018-03-09T23:36:52.0046152Z,2015-03-29T04:20:18.0000000Z,2018-03-09T23:36:46.2227576Z,2015-03-29T04:20:18.0000000Z,2011-06-13,3,118500419.0,2018-03-09T23:34:52.2430000Z,2011-06-13T05:13:24.0000000Z,BTCCHINA,BTCCHINA,https://www.btcchina.com/
7,2018-03-31,2018-03-31T23:23:01.7706400Z,2014-03-17T00:39:10.0000000Z,2018-03-31T23:23:35.9824595Z,2014-02-24T17:43:05.0000000Z,2011-09-13,15,51008633.0,2018-03-31T23:23:29.0000000Z,2011-09-13T13:53:36.0000000Z,BITSTAMP,Bitstamp Ltd.,https://www.bitstamp.net/
8,2018-04-01,2018-04-01T02:07:59.1219409Z,2015-02-15T16:41:33.4030000Z,2018-04-01T02:08:53.4703045Z,2015-02-15T12:53:46.6330000Z,2015-02-14,5,20114594.0,2018-04-01T02:02:07.0000000Z,2015-02-14T16:15:05.5900000Z,OKCOIN_USD,OKCoin USD,https://www.okcoin.com/
9,2018-03-31,2018-03-31T23:40:02.1892464Z,2015-05-17T14:57:14.3470000Z,2018-03-31T01:06:42.8108184Z,2015-05-17T14:57:14.3470000Z,2015-05-17,2,19595199.0,2018-03-09T23:34:06.0410000Z,2015-05-17T15:04:12.0000000Z,BTCTRADE,BTCTRADE,https://www.btctrade.com/
10,2018-04-01,2018-04-01T01:25:58.1788152Z,2017-03-18T22:53:42.3820177Z,2018-04-01T01:25:59.2745724Z,2017-03-18T22:53:42.0948480Z,2015-10-08,3,9633736.0,2018-04-01T01:25:16.1110000Z,2015-10-08T13:40:07.8010000Z,GEMINI,Gemini,https://gemini.com/
11,2018-04-01,2018-04-01T01:44:00.4631729Z,2015-05-26T18:24:28.9330000Z,2018-04-01T01:43:46.4702187Z,2015-05-26T18:24:28.9330000Z,2013-08-25,3,2826832.0,2018-04-01T01:38:02.0000000Z,2013-08-25T00:21:44.0000000Z,ITBIT,itBit,https://www.itbit.com/
12,2018-03-09,2018-03-09T23:36:52.2077617Z,2015-03-29T21:46:06.2630000Z,2018-03-09T23:36:50.7701113Z,2015-03-29T21:46:06.2630000Z,2015-03-29,2,538686774.0,2018-03-09T23:30:18.0330000Z,2015-03-29T21:46:08.7030000Z,HUOBI,Huobi,https://www.huobi.com/
13,2018-04-01,2018-04-01T04:38:03.4747150Z,2017-12-18T21:08:17.3599027Z,2018-04-01T04:38:43.4460000Z,2017-12-18T21:50:58.3910192Z,2017-09-06,286,429655052.0,2018-04-01T04:38:23.7390000Z,2017-09-06T10:29:03.1290000Z,BINANCE,Binance,https://www.binance.com/
14,2018-04-01,2018-04-01T04:37:16.0310838Z,2017-03-18T22:53:44.4091161Z,2018-04-01T04:37:16.0310838Z,2017-03-18T22:53:44.4091161Z,2013-12-27,535,115256178.0,2018-04-01T04:35:20.4380000Z,2013-12-27T08:23:37.0000000Z,HITBTC,HitBTC,https://hitbtc.io/
15,2018-04-01,2018-04-01T01:43:04.2441405Z,2018-01-24T00:22:17.2456560Z,2018-04-01T01:43:15.5170276Z,2018-01-24T00:22:17.2456560Z,2018-01-22,196,106927744.0,2018-04-01T01:41:06.7580000Z,2018-01-22T12:55:12.5650000Z,HUOBIPRO,Huobi Pro,https://www.huobi.pro/
16,2018-03-31,2018-03-31T23:17:23.7480971Z,2017-09-21T13:50:30.0371289Z,2018-03-31T23:17:23.7480971Z,2017-09-21T13:50:30.0371289Z,2017-09-21,12,90796402.0,2018-03-31T23:17:57.0000000Z,2017-09-21T13:43:23.0000000Z,BITHUMB,BITHUMB,https://www.bithumb.com/
17,2018-03-09,2018-03-09T23:36:54.4892524Z,2014-04-20T16:09:29.9000000Z,2018-03-09T23:36:50.7544837Z,2014-02-24T17:43:05.0000000Z,2011-08-14,24,65974803.0,2018-03-09T23:36:51.3410000Z,2011-08-14T14:14:40.0000000Z,BTC-E,BTC-e,https://btc-e.com/
18,2018-04-01,2018-04-01T00:18:52.8160871Z,2017-09-21T13:36:45.5891048Z,2018-04-01T00:19:06.4365830Z,2017-09-21T13:36:45.5891048Z,2017-09-20,9,62564147.0,2018-04-01T00:19:14.0000000Z,2017-09-20T13:37:21.0000000Z,COINONE,coinone,https://coinone.co.kr/
19,2018-04-01,2018-04-01T03:54:47.6987127Z,2017-03-14T20:03:49.1491232Z,2018-04-01T00:58:36.1757601Z,2017-03-14T20:03:49.1491232Z,2014-12-19,2006,60132993.0,2018-04-01T00:49:20.0000000Z,2014-12-19T15:12:05.0000000Z,CRYPTOPIA,Cryptopia,https://www.cryptopia.co.nz/
20,2018-04-01,2018-04-01T00:12:35.2816620Z,2017-03-14T20:03:20.5307029Z,2018-04-01T00:13:06.3949999Z,2017-03-14T20:03:20.5307029Z,2017-03-14,1,59142974.0,2017-12-18T10:58:56.0000000Z,2017-03-14T20:04:46.0000000Z,COINCHECK,coincheck,https://coincheck.com/
21,2018-04-01,2018-04-01T01:57:27.9887787Z,2017-09-21T13:45:51.3610312Z,2018-04-01T01:57:53.8129771Z,2017-09-21T13:45:51.3610312Z,2016-09-08,226,49197638.0,2018-04-01T01:57:00.0000000Z,2016-09-08T12:23:19.0000000Z,LIQUI,Liqui,https://liqui.io/
22,2018-04-01,2018-04-01T04:36:57.6212585Z,2017-12-18T21:01:51.6121385Z,2018-04-01T04:36:57.6212585Z,2017-12-18T21:01:51.6121385Z,2017-12-01,462,46372866.0,2018-04-01T04:33:13.0000000Z,2017-12-01T15:26:32.0000000Z,OKEX,OKEx,https://www.okex.com/
23,2018-04-01,2018-04-01T01:18:01.7574544Z,2017-03-14T20:04:15.0007802Z,2018-04-01T01:18:24.7883102Z,2017-03-14T20:04:15.0007802Z,2016-02-17,46,43387395.0,2018-04-01T01:18:12.0000000Z,2016-02-17T16:38:11.0000000Z,EXMO,EXMO,https://exmo.com/
24,2018-04-01,2018-04-01T00:11:57.2657704Z,2015-05-18T00:17:30.9400000Z,2018-03-31T00:22:20.6056834Z,2015-05-19T14:31:56.5100000Z,2015-05-18,2,38044915.0,2018-03-09T22:02:59.0000000Z,2015-05-18T00:17:33.0000000Z,CHBTC,CHBTC,https://www.chbtc.com/
25,2018-04-01,2018-04-01T04:35:38.7702542Z,2017-03-18T22:53:47.5257032Z,2018-04-01T04:34:30.5635262Z,2017-03-18T22:53:47.5257032Z,2015-01-06,3513,19267225.0,2018-04-01T04:23:19.0000000Z,2015-01-06T19:51:51.0000000Z,YOBIT,YObit,https://yobit.net/en/
26,2018-03-31,2018-03-31T23:17:54.2551012Z,2017-11-29T01:10:28.2891461Z,2018-03-31T23:18:11.8888436Z,2017-11-29T01:10:28.2891461Z,2017-11-28,3,17000317.0,2018-03-31T23:18:01.0000000Z,2017-11-28T21:25:01.0000000Z,BITFLYER,bitFlyer,https://bitflyer.jp/
27,2018-04-01,2018-04-01T04:37:01.0355127Z,2017-12-28T21:48:26.7161574Z,2018-04-01T04:36:54.1056918Z,2017-12-28T21:48:26.7161574Z,2017-12-14,15,14870147.0,2018-04-01T04:36:16.0000000Z,2017-12-14T05:11:55.0000000Z,ZAIF,Zaif,https://zaif.jp/
28,2018-04-01,2018-04-01T01:44:33.8656694Z,2017-03-18T22:53:39.4192811Z,2018-04-01T01:45:16.6787955Z,2017-03-18T22:53:39.4192811Z,2013-09-03,4,14159979.0,2018-04-01T01:44:59.1450000Z,2013-09-03T06:31:37.0000000Z,KORBIT,Korbit,https://www.korbit.co.kr
29,2018-04-01,2018-04-01T01:44:39.6224148Z,2017-03-18T22:53:36.0065489Z,2018-03-31T00:35:40.7014824Z,2017-03-18T22:53:36.0065489Z,2014-12-31,25,11700374.0,2017-09-07T12:19:20.0000000Z,2014-12-31T12:12:00.0000000Z,JUBI,Jubi,https://www.jubi.com
30,2018-04-01,2018-04-01T04:36:32.2223157Z,2017-12-28T21:49:04.6063124Z,2018-04-01T04:38:02.7932723Z,2017-12-28T21:49:04.6063124Z,2017-12-28,267,11116682.0,2018-04-01T04:25:07.0000000Z,2017-12-28T17:33:30.0000000Z,GATEIO,Gate.io,https://gate.io/
31,2018-03-31,2018-03-31T23:21:13.0992151Z,2017-03-14T20:04:08.1113853Z,2018-03-31T23:22:13.7251580Z,2017-03-14T20:04:08.1113853Z,2015-09-25,57,10855558.0,2018-03-31T23:22:19.0000000Z,2015-09-25T12:34:25.0000000Z,BITMEX,BitMEX,https://www.bitmex.com/
32,2018-01-09,2018-01-09T06:32:05.4469390Z,2017-03-18T22:53:45.3558927Z,2018-01-09T00:02:43.5604799Z,2017-03-18T22:53:45.3558927Z,2017-03-16,50,10737203.0,2017-10-31T03:58:21.0000000Z,2017-03-16T13:30:42.0000000Z,BTC38,BTC38,http://www.btc38.com
33,2014-02-25,,,,,2010-07-17,15,10050212.0,2014-02-25T01:59:06.0000000Z,2010-07-17T23:09:17.0000000Z,MTGOX,mtgox,https://www.mtgox.com/
34,2018-04-01,2018-04-01T02:36:05.6863959Z,2017-12-24T13:03:42.9064646Z,2018-04-01T02:36:59.3400937Z,2017-12-24T13:03:42.9064646Z,2017-12-24,41,9099202.0,2018-04-01T02:36:25.0000000Z,2017-12-24T06:47:19.0000000Z,WEXNZ,WexNz,https://wex.nz/
35,2018-04-01,2018-04-01T01:53:29.3707751Z,2017-03-18T22:53:40.7300076Z,2018-04-01T01:53:39.1170863Z,2017-03-18T22:53:40.7300076Z,2014-03-01,10,8318865.0,2017-09-07T12:18:53.0000000Z,2014-03-01T12:01:39.0000000Z,LAKEBTC,LakeBTC,https://www.lakebtc.com/
36,2018-04-01,2018-04-01T01:52:01.1150000Z,2018-01-24T00:22:08.7776711Z,2018-04-01T01:53:15.3200000Z,2018-01-24T00:22:08.7776711Z,2018-01-24,275,8129362.0,2018-04-01T01:51:17.0000000Z,2018-01-24T15:12:15.0000000Z,KUCOIN,Kucoin,https://kucoin.com/
37,2018-03-31,2018-03-31T23:38:27.5136912Z,2017-03-14T20:04:25.7449674Z,2018-03-31T23:38:26.1781118Z,2017-03-14T20:04:25.7449674Z,2017-02-16,204,7658411.0,2018-03-31T23:32:00.0000000Z,2017-02-16T20:09:59.0000000Z,BLEUTRADE,Bleutrade,https://bleutrade.com
38,2018-03-31,2018-03-31T23:15:14.8831164Z,2018-01-05T15:56:05.6259966Z,2018-03-31T23:14:57.6807053Z,2018-01-05T15:56:05.6259966Z,2018-01-05,17,6036182.0,2018-03-31T23:14:41.0000000Z,2018-01-05T15:51:29.0000000Z,BITCOINID,Indodax,https://indodax.com/
39,2018-04-01,2018-04-01T02:23:04.6356810Z,2017-08-29T15:53:54.7372595Z,2018-04-01T02:22:42.4179144Z,2017-08-29T15:53:54.7372595Z,2017-05-22,103,5779897.0,2018-04-01T02:22:59.0000000Z,2017-05-22T18:21:41.0000000Z,QUOINE,QRYPTOS,https://www.qryptos.com/
40,2018-03-31,2018-03-31T23:08:59.5674482Z,2017-09-21T13:50:21.9301963Z,2018-03-31T23:09:04.6256468Z,2017-09-21T13:50:21.9301963Z,2017-09-13,12,4988918.0,2018-03-31T23:09:10.0000000Z,2017-09-13T10:58:32.0000000Z,ACX,ACX,https://acx.io/
41,2018-03-31,2018-03-31T23:22:58.2892049Z,2017-08-29T15:47:12.6045423Z,2018-03-31T23:23:00.7391542Z,2017-08-29T15:47:12.6045423Z,2017-08-29,8,4325744.0,2018-03-31T23:22:53.0000000Z,2017-08-29T03:39:38.0000000Z,BITSO,Bitso,https://bitso.com/
42,2018-04-01,2018-04-01T02:35:45.0746006Z,2017-12-28T21:49:03.2916366Z,2018-04-01T02:34:53.3791226Z,2017-12-28T21:49:03.2916366Z,2017-02-15,220,4160396.0,2018-04-01T02:34:04.0000000Z,2017-02-15T11:28:37.0000000Z,TIDEX,Tidex,https://tidex.com/
43,2018-04-01,2018-04-01T04:35:57.9668946Z,2017-12-28T21:41:59.3272652Z,2018-04-01T04:34:31.8692992Z,2017-12-28T21:41:59.3272652Z,2017-12-28,472,3700455.0,2018-04-01T02:51:23.0000000Z,2017-12-28T20:44:07.0000000Z,LIVECOIN,LiveCoin,https://www.livecoin.net/
44,2018-04-01,2018-04-01T02:07:01.3594778Z,2018-01-24T00:21:38.5122245Z,2018-04-01T02:07:24.7260000Z,2018-01-24T00:21:38.5122245Z,2018-01-19,6,3672663.0,2018-04-01T02:07:20.0000000Z,2018-01-19T02:29:23.0000000Z,MIXCOINS,MixCoins,https://mixcoins.com/
45,2018-04-01,2018-04-01T02:36:04.6178185Z,2017-03-14T20:04:16.0302851Z,2018-04-01T02:36:00.8526584Z,2017-03-14T20:04:16.0302851Z,2011-04-27,9,3206163.0,2018-04-01T02:32:41.0000000Z,2011-04-27T16:05:09.0000000Z,VIRWOX,BirWoX,https://www.virwox.com/
46,2018-03-09,2018-03-09T23:36:52.2233882Z,2017-01-08T23:59:43.3338614Z,2018-03-09T23:36:52.2702686Z,2017-01-08T23:59:43.3338614Z,2017-01-08,179,3185746.0,2018-03-09T23:36:15.4470000Z,2017-01-09T00:21:54.0000000Z,BTER,Bter,https://bter.com/
47,2018-04-01,2018-04-01T02:07:01.3661484Z,2017-03-14T20:05:05.6101304Z,2018-04-01T02:07:24.1696036Z,2017-03-14T20:05:05.6101304Z,2017-03-07,2,2938520.0,2018-04-01T02:07:15.0000000Z,2017-03-07T18:04:01.0000000Z,MERCADOBITCOIN,Mercado Bitcoin,https://www.mercadobitcoin.com.br/
48,2018-04-01,2018-04-01T00:12:03.3835738Z,2018-01-24T00:21:46.8349102Z,2018-04-01T00:12:23.1998296Z,2018-01-24T00:21:46.8349102Z,2018-01-15,30,2719473.0,2018-04-01T00:10:33.0000000Z,2018-01-15T19:18:49.0000000Z,CEXIO,CEX.IO,https://cex.io/
49,2018-04-01,2018-04-01T02:29:59.3395048Z,2017-03-14T20:05:17.8425642Z,2018-04-01T02:29:58.2540074Z,2017-03-14T20:05:17.8425642Z,2011-11-09,16,2589671.0,2018-04-01T02:27:45.0000000Z,2011-11-09T14:33:28.0000000Z,THEROCKTRADING,The Rock Trading LTD.,https://www.therocktrading.com/
50,2018-04-01,2018-04-01T01:10:02.1573790Z,2017-03-14T20:03:37.1002962Z,2018-04-01T01:10:02.1573790Z,2017-03-14T20:03:37.1002962Z,2016-12-02,1889,2452933.0,2018-04-01T00:57:26.4950000Z,2016-12-02T05:15:13.4340000Z,DERIBIT,Deribit,https://www.deribit.com/
51,2018-04-01,2018-04-01T04:36:16.0607507Z,2017-03-14T20:03:12.2346102Z,2018-04-01T04:35:06.4760000Z,2017-03-14T20:03:12.2346102Z,2014-02-11,997,2146143.0,2018-04-01T00:00:14.0000000Z,2014-02-11T19:40:58.0000000Z,CCEX,c-cex,https://c-cex.com
52,2018-04-01,2018-04-01T02:22:02.5988609Z,2017-03-14T20:05:08.1246185Z,2018-04-01T02:22:04.4993834Z,2017-03-14T20:05:08.1246185Z,2017-03-14,4,1965995.0,2018-04-01T02:21:17.0000000Z,2017-03-14T20:10:31.0000000Z,QUADRIGACX,QuadrigaCX,https://www.quadrigacx.com/
53,2018-04-01,2018-04-01T00:19:05.3018597Z,2017-12-18T21:59:40.9730956Z,2018-04-01T00:19:05.0736748Z,2017-12-18T21:44:18.7514464Z,2017-12-17,21,1936692.0,2018-04-01T00:19:30.0000000Z,2017-12-17T09:56:31.0000000Z,COINNEST,Coinnest,https://www.coinnest.co.kr/
54,2018-03-31,2018-03-31T23:19:58.6874299Z,2017-08-29T15:47:10.0528025Z,2018-03-31T23:20:42.0059200Z,2017-08-29T15:47:10.0528025Z,2011-04-05,4,1926274.0,2018-03-31T23:13:26.0000000Z,2011-04-05T18:49:48.0000000Z,BITMARKET,BitMarket,https://www.bitmarket.pl
55,2018-04-01,2018-04-01T02:21:52.1900000Z,2018-01-24T00:21:42.1453690Z,2018-04-01T02:21:59.3520000Z,2018-01-24T00:21:42.1453690Z,2018-01-04,83,1866184.0,2018-04-01T02:21:57.0000000Z,2018-01-04T16:50:48.0000000Z,QRYPTOS,QRYPTOS,https://www.qryptos.com/
56,2018-04-01,2018-04-01T02:04:52.1153836Z,2017-12-28T21:44:47.2651267Z,2018-04-01T02:04:30.3188338Z,2017-12-28T21:44:47.2651267Z,2017-12-28,4,1732432.0,2018-04-01T02:03:54.2090000Z,2017-12-28T14:19:44.8820000Z,LUNO,Luno,https://www.luno.com
57,2018-03-31,2018-03-31T23:40:00.0150164Z,2017-12-28T21:38:26.3015015Z,2018-03-31T23:40:57.4860498Z,2017-12-28T21:38:26.3015015Z,2017-12-25,11,1686468.0,2018-03-31T23:39:48.0000000Z,2017-12-25T10:18:54.0000000Z,BTCMARKETS,BTC Markets Pty Ltd.,https://www.btcmarkets.net/
58,2018-04-01,2018-04-01T02:36:01.2827139Z,2017-03-14T20:05:23.8488070Z,2018-03-31T19:27:49.2989121Z,2017-03-14T20:05:23.8488070Z,2017-03-14,1,1438521.0,2018-03-31T18:22:57.0000000Z,2017-03-14T20:07:49.0000000Z,VAULTORO,Vaultoro,https://www.vaultoro.com/
59,2018-04-01,2018-04-01T01:18:57.0329895Z,2017-03-14T20:04:17.4937751Z,2018-04-01T01:18:19.7546361Z,2017-03-14T20:04:17.4937751Z,2017-03-14,9,1269233.0,2018-04-01T00:35:06.0000000Z,2017-03-14T22:00:23.0000000Z,GATECOIN,Gatecoin,https://gatecoin.com/
60,2018-04-01,2018-03-31T23:42:46.5118433Z,2017-03-18T22:53:45.5791610Z,2018-03-31T23:43:45.3189555Z,2017-03-18T22:53:45.5791610Z,2015-06-26,25,923550.0,2018-04-01T06:40:12.0000000Z,2015-06-26T11:19:16.0000000Z,BXINTH,bx.in.th,https://bx.in.th/
61,2018-03-31,2018-03-31T23:10:07.5780000Z,2018-01-24T00:42:46.1912329Z,2018-03-31T23:09:55.5050000Z,2018-01-24T00:42:46.1912329Z,2017-06-19,50,844233.0,2018-03-31T23:03:58.6200000Z,2017-06-19T05:31:08.2600000Z,ALLCOIN,Allcoin,https://www.allcoin.com/
62,2018-04-01,2018-04-01T00:19:01.3774948Z,2017-03-14T20:04:13.3389084Z,2018-04-01T00:19:04.6001944Z,2017-03-14T20:04:13.3389084Z,2017-03-14,2,773891.0,2018-04-01T00:18:21.8090000Z,2017-03-14T20:04:43.2020000Z,COINMATE,Coin Mate,https://coinmate.io/
63,2018-03-31,2018-03-31T23:40:00.8190000Z,2018-01-24T00:21:41.0728293Z,2018-03-31T23:40:59.2112957Z,2018-01-24T00:21:41.0728293Z,2018-01-24,1,741402.0,2018-03-31T23:40:37.0000000Z,2018-01-24T23:24:33.0000000Z,BTCBOX,BtcBox,https://www.btcbox.co.jp/
64,2018-04-01,2018-04-01T04:38:02.6328753Z,2017-09-21T13:39:33.4870179Z,2018-04-01T04:38:14.6328512Z,2017-09-21T13:39:33.4870179Z,2017-09-16,12,633990.0,2018-04-01T04:32:33.0000000Z,2017-09-16T00:53:48.0000000Z,INDEPENDENTRESERVE,Independent Reserve,https://www.independentreserve.com/
65,2018-03-31,2018-03-31T23:40:43.6895698Z,2017-12-24T13:03:38.2179565Z,2018-03-31T23:41:13.8657246Z,2017-12-24T13:03:38.2179565Z,2017-10-08,4,601629.0,2018-03-31T23:38:26.0000000Z,2017-10-08T01:12:04.0000000Z,BTCTURK,BTCTurk,https://www.btcturk.com/
66,2018-04-01,2018-04-01T00:19:00.8548404Z,2017-09-21T13:36:24.9479094Z,2018-04-01T00:19:03.7880720Z,2017-09-21T13:36:24.9479094Z,2017-09-19,4,534710.0,2018-04-01T00:10:46.0000000Z,2017-09-19T11:20:44.0000000Z,COINFLOOR,coinfloor,https://www.coinfloor.co.uk/
67,2018-04-01,2018-04-01T01:16:02.5226556Z,2017-08-29T15:50:33.5497414Z,2018-04-01T01:16:06.3365200Z,2017-08-29T15:50:33.5497414Z,2017-06-07,23,493869.0,2018-04-01T01:14:59.0000000Z,2017-06-07T04:46:35.0000000Z,DSX,DSX,https://dsx.uk
68,2018-04-01,2018-04-01T04:36:30.6047137Z,2017-12-28T21:34:28.8285993Z,2018-04-01T04:36:53.3904817Z,2017-12-28T21:34:28.8285993Z,2017-12-27,41,464648.0,2018-04-01T03:01:52.0000000Z,2017-12-27T12:49:47.0000000Z,ABUCOINS,Abucoins,https://abucoins.com/
69,2018-04-01,2018-04-01T02:29:03.4755763Z,2018-01-24T00:21:32.6002443Z,2018-04-01T02:29:19.7220000Z,2018-01-24T00:21:32.6002443Z,2017-11-29,144,303490.0,2018-04-01T02:26:08.0000000Z,2017-11-29T02:55:41.0000000Z,SOUTHXCHANGE,SouthXchange,https://www.southxchange.com/
70,2018-03-31,2018-03-31T23:40:04.7270000Z,2018-01-24T00:21:29.5498424Z,2018-03-31T23:37:39.3597580Z,2018-01-24T00:21:29.5498424Z,2018-01-24,17,278248.0,2018-03-31T23:07:15.0000000Z,2018-01-24T18:46:55.0000000Z,BTCTRADEUA,BTC Trade UA,https://btc-trade.com.ua/
71,2017-10-13,2017-10-13T11:04:36.2094926Z,2017-03-14T20:03:53.7061506Z,2017-10-13T11:04:34.3376757Z,2017-03-14T20:03:53.7061506Z,2016-03-27,2,204837.0,2017-10-13T10:45:09.0000000Z,2016-03-27T23:17:37.0000000Z,BTCX,bt.cx,https://bt.cx/en/
72,2018-04-01,2018-04-01T01:52:02.9340000Z,2018-01-24T00:21:49.7672137Z,2018-04-01T01:51:50.7340000Z,2018-01-24T00:21:49.7672137Z,2018-01-16,11,162276.0,2018-04-01T07:51:26.0000000Z,2018-01-16T08:05:06.0000000Z,KUNA,Kuna,https://kuna.io/
73,2018-03-31,2018-03-31T23:39:05.4924436Z,2018-01-24T00:21:43.7267644Z,2018-03-31T23:39:03.6730000Z,2018-01-24T00:21:43.7267644Z,2017-12-26,27,98184.0,2018-03-31T23:19:37.7440000Z,2017-12-26T11:45:54.9730000Z,BRAZILIEX,Braziliex,https://braziliex.com/
74,2018-04-01,2018-04-01T01:18:03.9700000Z,2018-01-24T00:21:35.8644461Z,2018-04-01T01:10:36.9170000Z,2018-01-24T00:21:35.8644461Z,2013-01-07,2,93930.0,2018-02-27T04:44:43.0000000Z,2013-01-07T06:17:04.0000000Z,FYBSG,FYB-SG,https://www.fybsg.com/
75,2018-03-09,2018-03-09T23:36:44.2694266Z,2017-03-14T20:04:56.4842821Z,2018-03-09T23:30:06.7432183Z,2017-03-14T20:04:56.4842821Z,2013-09-28,22,81930.0,2017-08-18T16:48:12.0000000Z,2013-09-28T22:40:50.0000000Z,YUNBI,YUNBI,https://yunbi.com/
76,2018-03-31,2018-03-31T23:17:38.2263029Z,2017-08-29T15:47:11.5174742Z,2018-03-31T23:11:50.4992101Z,2017-08-29T15:47:11.5174742Z,2017-08-26,2,57724.0,2018-03-31T21:00:53.0000000Z,2017-08-26T12:22:43.0000000Z,BITKONAN,BitKonan,https://bitkonan.com/
77,2018-04-01,2018-04-01T01:17:57.3650000Z,2018-01-24T00:21:52.7701638Z,2018-04-01T01:18:19.6960000Z,2018-01-24T00:21:52.7701638Z,2013-07-15,1,21655.0,2018-02-26T14:50:15.0000000Z,2013-07-15T20:40:11.0000000Z,FYBSE,FYB-SE,https://www.fybse.se/
78,2018-03-31,2018-03-31T23:39:57.5622918Z,2017-09-21T13:35:08.7798904Z,2018-03-31T23:09:14.3130318Z,2017-09-21T13:35:08.7798904Z,2017-09-20,1,18286.0,2018-03-31T22:11:27.4480000Z,2017-09-20T12:51:00.5840000Z,BTCC,BTCC,https://www.btcc.com/
79,2018-04-01,2018-04-01T00:19:05.8660000Z,2018-01-24T00:21:48.4137019Z,2018-04-01T00:18:55.6120000Z,2018-01-24T00:21:48.4137019Z,2017-09-10,14,17461.0,2018-04-01T00:07:10.0000000Z,2017-09-10T07:59:21.0000000Z,COINGI,Coingi,https://coingi.com/
80,2018-03-31,2018-03-31T22:56:55.6920000Z,2018-01-24T00:42:37.6443449Z,2018-03-31T22:56:48.3477296Z,2018-01-24T00:42:37.6443449Z,2018-01-23,29,16230.0,2018-03-30T12:56:21.0000000Z,2018-01-23T09:58:13.0000000Z,1BTCXE,1Btcxe,https://1btcxe.com/
81,2018-04-01,2018-04-01T02:08:02.6930000Z,2018-01-24T00:24:54.6812361Z,2018-04-01T01:16:52.7240000Z,2018-01-24T00:24:54.6812361Z,2017-01-14,103,12927.0,2018-03-31T03:30:42.0000000Z,2017-01-14T17:43:31.0000000Z,NOVA,Novaexchange,https://novaexchange.com/
82,2018-03-31,2018-03-31T23:19:49.9220000Z,2018-01-24T00:21:31.1076466Z,2018-03-31T23:20:44.4898979Z,2018-01-24T00:21:31.1076466Z,2017-10-12,29,12165.0,2018-03-31T23:15:10.7430000Z,2017-10-12T18:00:10.7250000Z,BITLISH,Bitlish,https://bitlish.com/
83,2018-04-01,2018-04-01T00:18:56.2119160Z,2018-01-24T00:21:45.2925018Z,2018-04-01T00:16:46.8550000Z,2018-01-24T00:21:45.2925018Z,2018-01-24,1,8811.0,2018-03-31T18:29:22.9990000Z,2018-01-24T18:15:31.9200000Z,COINSECURE,Coinsecure,https://coinsecure.in/
84,2018-04-01,2018-04-01T04:36:46.2349624Z,2017-08-29T15:47:11.6744609Z,2018-04-01T04:36:44.2157219Z,2017-08-29T15:47:11.6744609Z,2014-03-29,37,2249.0,2018-03-15T15:25:03.0000000Z,2014-03-29T12:09:48.0000000Z,BITBAY,BitBay,https://www.bitbay.net/
85,2018-04-01,2018-04-01T02:36:01.2174071Z,2017-03-14T20:05:05.6371921Z,2018-04-01T02:33:11.5876084Z,2017-03-14T20:05:05.6371921Z,2015-09-09,1,500.0,2015-11-23T06:07:39.0000000Z,2015-09-09T03:09:55.0000000Z,VBTC,VBTC.VN,https://vbtc.vn/
86,2018-04-01,2018-04-01T02:39:48.9631514Z,2017-03-18T22:49:13.7742129Z,2018-04-01T02:39:58.0437902Z,2017-03-18T22:49:13.7742129Z,2017-03-18,50,,,,XBTCE,xBTCe,https://www.xbtce.com
87,2018-04-01,2018-04-01T00:19:05.8030000Z,2018-01-24T00:22:13.1677847Z,2018-04-01T00:18:56.5400303Z,2018-01-24T00:22:13.1677847Z,2018-01-24,497,,,,COINEXCHANGE,CoinExchange,https://www.coinexchange.io/
88,2018-03-31,2018-03-31T23:10:06.6841133Z,2018-01-24T00:42:31.5662178Z,2018-03-31T23:10:04.7684755Z,2018-01-24T00:42:31.5662178Z,2018-01-24,13,,,,ANXPRO,ANXPro,https://anxpro.com/
89,2018-04-01,2018-04-01T02:07:02.3125768Z,2018-01-24T00:21:43.8180000Z,2018-04-01T02:05:45.1094098Z,2018-01-24T00:21:43.8180000Z,2018-01-24,113,,,,LYKKE,Lykke,https://www.lykke.com/
